,Energy,Magnetization,Specific Heat Capacity,Magnetic Susceptibility,Temperature
0,-3.731008,-0.9608704,1.9523299787755104,0.10150040137142857,1.75
1,-3.7309951999999997,-0.9614784,1.7659341470081025,0.07712723020382965,1.7512512512512513
2,-3.732672,-0.9619008,1.8100255502169698,0.07936048559211765,1.7525025025025025
3,-3.7145728000000005,-0.9586592,2.0555428466161754,0.09638001300821918,1.7537537537537538
4,-3.7367552,-0.9629631999999999,1.6707474110080656,0.07105447177892485,1.755005005005005
5,-3.7278464,-0.9603712,1.9679452516855707,0.09945717259526933,1.7562562562562563
6,-3.7257599999999997,-0.9603936,1.6144330829470968,0.07738548701443827,1.7575075075075075
7,-3.7180160000000004,-0.9592352000000001,1.8089340754142356,0.08483393464678433,1.7587587587587588
8,-3.7383936,-0.962432,1.667358091580046,0.07819010074790275,1.76001001001001
9,-3.7099264,-0.9572575999999999,2.507735273830558,0.1411408584675192,1.7612612612612613
10,-3.7236480000000003,-0.960672,1.9052967471745217,0.08311734467698426,1.7625125125125125
11,-3.7091839999999996,-0.957184,2.2843548947429206,0.13574461893303064,1.7637637637637638
12,-3.7161472,-0.9584864,2.5620732561679778,0.13107476844780944,1.765015015015015
13,-3.7158656000000003,-0.9594495999999999,1.7655476002791144,0.07922489664924907,1.7662662662662663
14,-3.7182336000000005,-0.9594432,1.8643971734203002,0.08834166114478267,1.7675175175175175
15,-3.7211648,-0.9600928,1.7847285786641867,0.08114176377045838,1.7687687687687688
16,-3.7117824,-0.9584672000000001,1.6937735537407268,0.07841378969172912,1.77002002002002
17,-3.7023232000000004,-0.9571456,1.9231391050030935,0.09171929395286803,1.7712712712712713
18,-3.7139072,-0.9588448,1.8108275700785696,0.0843513939598475,1.7725225225225225
19,-3.6848127999999996,-0.9531168,1.9830098352398924,0.108139874676298,1.7737737737737738
20,-3.7129983999999996,-0.9590496,2.067813622676089,0.09299444237281825,1.775025025025025
21,-3.701696,-0.9566752000000001,1.7377589540255338,0.08389498164801354,1.7762762762762763
22,-3.709888,-0.9582719999999999,1.7347558641010645,0.0805303759200338,1.7775275275275275
23,-3.713856,-0.958368,1.793360271577656,0.09341744009003938,1.7787787787787788
24,-3.6807807999999995,-0.9524896,2.658977497835595,0.1641162101040911,1.78003003003003
25,-3.6927103999999997,-0.9535680000000001,3.000550265877376,0.2076703796796853,1.7812812812812813
26,-3.6899072,-0.9539200000000001,2.1891713833115363,0.120450648771585,1.7825325325325325
27,-3.7023104,-0.9566592,1.713667618297888,0.0806198659878788,1.7837837837837838
28,-3.6899968,-0.95496,1.82972612989385,0.08465536924155335,1.785035035035035
29,-3.6981375999999995,-0.9560736000000001,1.6435351128003632,0.08304503905049034,1.7862862862862863
30,-3.6861568,-0.9541632,1.9876817887917326,0.101420501551953,1.7875375375375375
31,-3.675392,-0.9514623999999999,2.6691365387121126,0.15672289996284275,1.7887887887887888
32,-3.6826496,-0.9534816,2.0718175081395835,0.1035583753734657,1.79004004004004
33,-3.682368,-0.9525952,2.131238185380745,0.1245757106534786,1.7912912912912913
34,-3.6784767999999994,-0.9521567999999999,1.7733788020349164,0.09925780246622923,1.7925425425425425
35,-3.6819839999999995,-0.9537056,2.4802671870846615,0.12216667888928567,1.7937937937937938
36,-3.6865536,-0.954208,1.9766267507837554,0.09938790143036384,1.795045045045045
37,-3.6736512,-0.9511552,2.3037358141381232,0.14859483157113404,1.7962962962962963
38,-3.6909440000000004,-0.955408,1.8020896736274106,0.0853884283669776,1.7975475475475475
39,-3.6942208,-0.9564352,1.7197916002436293,0.07741701055893155,1.7987987987987988
40,-3.677504,-0.9527136,2.104865857906717,0.10392340723792576,1.80005005005005
41,-3.656832,-0.948944,2.36612309032073,0.12420878163934428,1.8013013013013013
42,-3.6835968,-0.9538816000000001,2.3573600021962537,0.11342584054510621,1.8025525525525525
43,-3.6859008,-0.9542784,1.832617048482895,0.09286351323063262,1.8038038038038038
44,-3.6632832000000004,-0.9502976000000001,2.5356988049353406,0.13019073614507137,1.805055055055055
45,-3.6617088000000004,-0.9501984,1.9016254744165424,0.09825144150822943,1.8063063063063063
46,-3.6452351999999997,-0.9466464,2.564692903584905,0.15013964742937838,1.8075575575575575
47,-3.6660224,-0.9501567999999999,2.29568342641547,0.12688916179656892,1.8088088088088088
48,-3.66656,-0.9510912,2.309574509307937,0.12026418703077561,1.81006006006006
49,-3.6752896,-0.9518592,2.384259616211538,0.12744822392395688,1.8113113113113113
50,-3.6703744,-0.9508928,1.8292864823884072,0.09453059504757698,1.8125625625625625
51,-3.6470656000000004,-0.9482048000000001,1.9282999123249682,0.09542908113377482,1.8138138138138138
52,-3.6582527999999996,-0.9490752,2.2751250733796766,0.12494398683821865,1.815065065065065
53,-3.6380928,-0.9460064,2.656775458489785,0.1399751640813447,1.8163163163163163
54,-3.6457728000000005,-0.9476416,2.3529691861139344,0.11744912387806691,1.8175675675675675
55,-3.6511104,-0.9477152,2.1633021013424494,0.13411457099306548,1.8188188188188188
56,-3.6631424,-0.9506015999999999,2.250639258069648,0.11764305227641962,1.82007007007007
57,-3.6621951999999998,-0.9504064,2.2908145943131832,0.1222004990522671,1.8213213213213213
58,-3.6463487999999997,-0.9454816,2.5440035798510316,0.19063912385643275,1.8225725725725725
59,-3.6449152000000002,-0.947664,2.5947123220965924,0.13751143982436886,1.8238238238238238
60,-3.6463104,-0.9476704,2.1104254796690523,0.1160172013150144,1.825075075075075
61,-3.6453375999999995,-0.9461727999999999,2.6439359521288694,0.1668502135721567,1.8263263263263263
62,-3.641664,-0.9465504000000001,2.760136880495309,0.15758141593186362,1.8275775775775776
63,-3.6392064,-0.9468416,2.642623165264443,0.15066588740098524,1.8288288288288288
64,-3.6293248,-0.9443391999999999,2.909634761590072,0.16704585385499798,1.83008008008008
65,-3.6396415999999996,-0.9463968,2.430090112431108,0.12672223187012846,1.8313313313313313
66,-3.6356992,-0.9450335999999999,2.6681063155404723,0.15549176179467433,1.8325825825825826
67,-3.6541696000000004,-0.9490144,2.152464440805507,0.11913493271266376,1.8338338338338338
68,-3.6484096,-0.9488224000000001,2.341200738534526,0.11940399286163914,1.835085085085085
69,-3.6212736,-0.9421536,2.474153070461833,0.1571932378008177,1.8363363363363363
70,-3.6054016000000004,-0.9397631999999999,3.7603996721716353,0.26090215064491357,1.8375875875875876
71,-3.6237440000000003,-0.9441376,2.1656958579447156,0.1181550888587915,1.8388388388388388
72,-3.6345216000000002,-0.9462592000000001,2.4357899330882495,0.13579705197356176,1.84009009009009
73,-3.6225152,-0.9433343999999999,2.2564871567641664,0.13595909936917636,1.8413413413413413
74,-3.6075008,-0.9400928,2.668289477925669,0.17308189497889448,1.8425925925925926
75,-3.6075776,-0.940384,3.101283417875017,0.18280107674267096,1.8438438438438438
76,-3.6270976000000004,-0.943728,3.0589467561387393,0.17750074826529227,1.845095095095095
77,-3.6016512,-0.9391328,3.2244892431974943,0.20203900440357825,1.8463463463463463
78,-3.5932671999999997,-0.938464,2.621776926137197,0.14706267227956119,1.8475975975975976
79,-3.6147199999999997,-0.9423328,2.2425749412234066,0.12625389995798597,1.8488488488488488
80,-3.5978496,-0.9399936,2.8869120837911915,0.15536455264471796,1.8501001001001
81,-3.6119936000000004,-0.9417536,2.449622728233491,0.13582708339854013,1.8513513513513513
82,-3.6339712,-0.9459744000000001,2.507112559294733,0.1300494720570579,1.8526026026026026
83,-3.6195199999999996,-0.9433440000000001,2.344282090917996,0.1284311810799136,1.8538538538538538
84,-3.5958016,-0.9389183999999999,2.6637427712025334,0.16303121454828007,1.855105105105105
85,-3.6060544,-0.9400832,3.0951630231778577,0.2062218669864654,1.8563563563563563
86,-3.5936383999999997,-0.9378496,2.579447283223113,0.16775785215551664,1.8576076076076076
87,-3.6065408000000003,-0.9409088,2.40562969227279,0.15200325740355414,1.8588588588588588
88,-3.5939455999999996,-0.9378784,3.4770406633642095,0.23916839975331633,1.86011011011011
89,-3.6156672,-0.9427104,2.584373579951929,0.15616816188093574,1.8613613613613613
90,-3.6038271999999996,-0.9402111999999999,2.335368522273385,0.14379163964981861,1.8626126126126126
91,-3.6049408000000005,-0.9407711999999999,2.5391836507052146,0.146420716067884,1.8638638638638638
92,-3.6164864000000003,-0.9432,2.744691440065443,0.15094660791627534,1.865115115115115
93,-3.5844736,-0.9368512000000001,2.41723377787967,0.1376904161106999,1.8663663663663663
94,-3.5761792000000003,-0.9354464,2.550393818513556,0.15469743467538524,1.8676176176176176
95,-3.587328,-0.9374304,2.503404339528673,0.14851915349630423,1.8688688688688688
96,-3.6153472,-0.9427904,2.336501230365003,0.13592835009104778,1.87012012012012
97,-3.5960064,-0.9390624,2.4765890553142915,0.15072121478127842,1.8713713713713713
98,-3.5745023999999996,-0.9346304,2.979898850037801,0.18098191184156084,1.8726226226226226
99,-3.5567616,-0.9327840000000001,2.6783554857656804,0.15718616076923078,1.8738738738738738
100,-3.595648,-0.9395744,2.4779174783148155,0.14265180857312157,1.875125125125125
101,-3.5863680000000002,-0.9374208,2.3375063324278553,0.14881061876255,1.8763763763763763
102,-3.5783552000000003,-0.9371936,2.662716475281749,0.14650613910467813,1.8776276276276276
103,-3.5795328,-0.9359424000000001,2.5868474883823946,0.1612456927403303,1.8788788788788788
104,-3.5783552000000003,-0.9365376,2.8667544207847713,0.1730255588093172,1.88013013013013
105,-3.5484032,-0.9294272000000001,2.6843446133700137,0.1929444721800479,1.8813813813813813
106,-3.5402112,-0.9288608,3.0840069859568224,0.20789148281823744,1.8826326326326326
107,-3.5694976,-0.9344959999999999,2.7940804140772775,0.17383355885228485,1.8838838838838838
108,-3.5456256,-0.9298144,3.142306905709351,0.1989069448716846,1.885135135135135
109,-3.5604224,-0.9331103999999999,3.209535425846647,0.2011400130631998,1.8863863863863863
110,-3.5592832000000003,-0.9331136,2.7409899712884482,0.17071885407164258,1.8876376376376376
111,-3.5617023999999997,-0.9333536,2.5945524939737026,0.15796315821176474,1.8888888888888888
112,-3.5386112,-0.9285312,3.3612316316072146,0.24392839018053755,1.89014014014014
113,-3.5547136,-0.9323392,3.3680401845320276,0.19533476322328658,1.8913913913913913
114,-3.5409024,-0.9264256,2.813760703321389,0.24820976755763588,1.8926426426426426
115,-3.57568,-0.9363040000000001,2.501379154030099,0.14168641699788584,1.8938938938938938
116,-3.5026688000000004,-0.9167200000000001,4.621850826331962,0.5525204244553017,1.895145145145145
117,-3.5046784,-0.9219456,4.689230012104342,0.3433825078118765,1.8963963963963963
118,-3.5518591999999996,-0.9308704,2.7303378460931493,0.1841956818660688,1.8976476476476476
119,-3.5421824,-0.9300384,3.2344454294438796,0.1897865539913548,1.8988988988988988
120,-3.4909440000000003,-0.9130495999999999,4.630672578976638,0.6240733461544055,1.90015015015015
121,-3.5443584,-0.9304191999999999,3.2025948391516343,0.19968249172434852,1.9014014014014013
122,-3.5063424,-0.9166559999999999,4.515943787989743,0.6126990327817966,1.9026526526526526
123,-3.5320576,-0.927776,2.6221313789404044,0.1625598011356467,1.9039039039039038
124,-3.5305855999999998,-0.9274656000000001,3.6157531466210218,0.2394718924416656,1.905155155155155
125,-3.5121919999999998,-0.9230944,4.332404653335703,0.33779797856109217,1.9064064064064064
126,-3.5488767999999995,-0.9309472,2.947902202524152,0.19991766136292796,1.9076576576576576
127,-3.5397504,-0.9296608000000001,3.032858943222362,0.20811767798133193,1.9089089089089089
128,-3.5205504000000003,-0.9250304,4.221215636779047,0.3039135851055156,1.91016016016016
129,-3.4908031999999998,-0.9190016,3.436370067735439,0.23597107127604092,1.9114114114114114
130,-3.4992127999999996,-0.9210912,3.535879522291906,0.2249353270696847,1.9126626626626626
131,-3.5491968000000003,-0.9307392,2.6804953921405863,0.17680465518326366,1.9139139139139139
132,-3.5076864000000003,-0.9223935999999999,2.927909334736611,0.20231110164672678,1.915165165165165
133,-3.5128063999999997,-0.9246752,3.0090597018574283,0.19928020983776448,1.9164164164164164
134,-3.4857216,-0.9172608,3.135288040480243,0.2607342753023098,1.9176676676676676
135,-3.523392,-0.9265343999999999,2.9538748046498715,0.19310284908169012,1.9189189189189189
136,-3.5084416,-0.9239744000000001,3.2788796192057155,0.21902537438269257,1.92017017017017
137,-3.5102336000000003,-0.9240992,3.772130265805902,0.25436515079468613,1.9214214214214214
138,-3.5059584000000004,-0.9237888000000001,2.940435557395676,0.19689306816524793,1.9226726726726726
139,-3.4806527999999997,-0.9180672000000001,3.77722633238033,0.2609639452770031,1.9239239239239239
140,-3.4662783999999998,-0.914608,3.1803652406299494,0.24577013359677632,1.9251751751751751
141,-3.4732160000000003,-0.915984,3.690613387793636,0.2621092781293843,1.9264264264264264
142,-3.478272,-0.9169120000000001,4.3544497511553155,0.35099569177722967,1.9276776776776776
143,-3.5153536,-0.9255136,3.3439983423308988,0.22105953620425534,1.9289289289289289
144,-3.4541696,-0.9124512,4.949198667439464,0.3719615240961494,1.9301801801801801
145,-3.4858752,-0.9190944,3.515525742673411,0.25690678029002334,1.9314314314314314
146,-3.4858496,-0.9192352,3.495714472535767,0.24790868666290297,1.9326826826826826
147,-3.4772608,-0.9165247999999999,3.3761818490906372,0.24371994168447206,1.9339339339339339
148,-3.4625792,-0.9156896000000001,3.9912232347348824,0.28807691722105266,1.9351851851851851
149,-3.464768,-0.9152224,3.99450439864117,0.2959727856880848,1.9364364364364364
150,-3.4724991999999997,-0.917248,3.493189305308577,0.2650529098488958,1.9376876876876876
151,-3.4566527999999996,-0.913904,3.2015666481583565,0.23135779626226127,1.9389389389389389
152,-3.4683904,-0.9163040000000001,4.029991580653887,0.2885687407506771,1.9401901901901901
153,-3.4744447999999997,-0.9174399999999999,3.4280497531632066,0.23078934570765666,1.9414414414414414
154,-3.4822528,-0.9202048,3.2739685009237665,0.2113088637971918,1.9426926926926926
155,-3.4773888,-0.918832,3.814103588235377,0.2683592608856849,1.9439439439439439
156,-3.4464,-0.912544,4.102715000294372,0.3156284991431879,1.9451951951951951
157,-3.4425088,-0.9110528,3.3725378408921642,0.2560214582372846,1.9464464464464464
158,-3.47488,-0.9171296,3.2580000116440737,0.24669583116926636,1.9476976976976976
159,-3.4624896,-0.915024,3.9136208754227884,0.2846776670570108,1.9489489489489489
160,-3.4410239999999996,-0.9115711999999999,3.8638566364588356,0.2697833184234057,1.9502002002002001
161,-3.4389887999999997,-0.9108608,5.53489643410012,0.4229164343218261,1.9514514514514514
162,-3.440064,-0.9105856,4.226571418591253,0.3188643460871972,1.9527027027027026
163,-3.4458752,-0.9115264,3.54984527590215,0.2711714947672132,1.9539539539539539
164,-3.4117504000000003,-0.9026144,4.927988820445706,0.46510354410833227,1.9552052052052051
165,-3.4509440000000002,-0.9142528,3.7054472442074697,0.26122782130590944,1.9564564564564564
166,-3.4419584000000003,-0.9124384,3.5057939426851745,0.24272381241037966,1.9577077077077076
167,-3.4051712,-0.9028512000000001,4.995843791827897,0.4206319677252939,1.9589589589589589
168,-3.4447872000000004,-0.9120704,4.585228799536631,0.36197102673182685,1.9602102102102101
169,-3.4421760000000003,-0.9110592000000001,3.5887645766515344,0.28519327072743045,1.9614614614614614
170,-3.4192127999999995,-0.9068704,3.9337565691723406,0.3024724395754686,1.9627127127127126
171,-3.4481792,-0.9136608,3.9413973486870133,0.29574355754862386,1.9639639639639639
172,-3.4294528,-0.9086528,3.450210159870703,0.2702552135196231,1.9652152152152151
173,-3.44352,-0.912752,3.6781307068617624,0.2482089414303894,1.9664664664664664
174,-3.4203136,-0.9072415999999999,3.9045387821228656,0.30342183384540256,1.9677177177177176
175,-3.4599936000000002,-0.915472,4.15810035001417,0.3076429184748347,1.968968968968969
176,-3.3908608,-0.8984575999999999,4.33266236399571,0.41409600715031114,1.9702202202202201
177,-3.4464639999999997,-0.91328,3.376140746837467,0.26148346930693067,1.9714714714714714
178,-3.3758464,-0.8963904,4.002851421467519,0.4035620075898009,1.9727227227227226
179,-3.4228864000000003,-0.9091296,4.45651535864932,0.3114363768243408,1.973973973973974
180,-3.3970432,-0.9047552,3.468772542883926,0.2592184116834663,1.9752252252252251
181,-3.3790976,-0.897616,5.471961183360997,0.5315154784299824,1.9764764764764764
182,-3.398272,-0.9023776,3.8904260017111785,0.3308134265537644,1.9777277277277276
183,-3.3572608,-0.8909664,5.847672062557778,0.6449084643933233,1.978978978978979
184,-3.3662208,-0.8952608,4.571043213364735,0.4190563687655251,1.9802302302302301
185,-3.3498752,-0.890288,5.18342512541616,0.510104873271028,1.9814814814814814
186,-3.3307392,-0.8899360000000001,5.546683033079543,0.4743383838243091,1.9827327327327327
187,-3.3840383999999997,-0.9000224,5.362966814629517,0.46451326917941477,1.983983983983984
188,-3.392384,-0.9020064,3.7281632298010883,0.2865921198162612,1.9852352352352352
189,-3.3825408,-0.8988255999999999,4.457028334923856,0.37424809856870755,1.9864864864864864
190,-3.3793919999999997,-0.8987808,3.2131102573681263,0.2604282042706283,1.9877377377377377
191,-3.3974656000000003,-0.9020672000000001,3.521178180324073,0.27731937213004537,1.988988988988989
192,-3.3553536,-0.8932,4.582709326575778,0.42456904594492645,1.9902402402402402
193,-3.3436928,-0.8908159999999999,3.9538236374747315,0.36339429171148535,1.9914914914914914
194,-3.3396352,-0.8924672,3.8223704028020276,0.29667069658289597,1.9927427427427427
195,-3.3780735999999996,-0.8967552,4.543400471611903,0.4921605323566265,1.993993993993994
196,-3.3834368,-0.9018528,4.061282687511026,0.2840890155988461,1.9952452452452452
197,-3.3511808,-0.8931040000000001,3.841267649623069,0.3447221876961645,1.9964964964964964
198,-3.3667584,-0.8972479999999999,4.444518870875826,0.3947994740022548,1.9977477477477477
199,-3.3494656000000003,-0.8951296000000001,3.1065884975930365,0.22773003019409113,1.998998998998999
200,-3.360832,-0.8967647999999999,4.156726753010889,0.3322556392715626,2.00025025025025
201,-3.3596800000000004,-0.8949727999999999,4.910700607861942,0.4345056633470367,2.0015015015015014
202,-3.3388671999999997,-0.8919360000000001,4.540993858542726,0.37572318348619266,2.0027527527527527
203,-3.3014528,-0.8818944,6.234328550657151,0.5874113165682318,2.004004004004004
204,-3.2576896,-0.8691584000000001,6.472359357142107,0.8428140576970424,2.005255255255255
205,-3.3567744,-0.8944288,4.732460426307804,0.45202359357365934,2.0065065065065064
206,-3.3032832,-0.8799744,4.747971469339341,0.5365617372103203,2.0077577577577577
207,-3.3801984,-0.89856,4.616743886015937,0.5061870780269058,2.009009009009009
208,-3.2950656000000005,-0.880832,5.866506102087066,0.5790848991111666,2.01026026026026
209,-3.3276288,-0.8882336,3.625831549604094,0.30935437895277434,2.0115115115115114
210,-3.3293184,-0.8906432000000001,3.6970587738176324,0.3056963517923163,2.0127627627627627
211,-3.3150976,-0.8881247999999999,3.900953218946323,0.3142825527506959,2.014014014014014
212,-3.2894080000000003,-0.8799584,6.7454998227303085,0.6417698655813238,2.015265265265265
213,-3.2958591999999998,-0.8821727999999999,4.087320259370498,0.38275577277855544,2.0165165165165164
214,-3.2699392,-0.8759616,5.6137511395596436,0.5596976502649633,2.0177677677677677
215,-3.3206528,-0.888416,4.326224838075972,0.3627554931879029,2.019019019019019
216,-3.2639616,-0.8766624,4.518002543386244,0.44550760343545154,2.02027027027027
217,-3.2495872,-0.8704352000000001,5.321080477344479,0.5532969170460015,2.0215215215215214
218,-3.3099519999999996,-0.8873376000000001,3.86313821613656,0.3115633030476803,2.0227727727727727
219,-3.2523136,-0.8655520000000001,5.848549462765988,0.96112938231454,2.024024024024024
220,-3.2795904,-0.8755072,4.720846329270774,0.4839473574607191,2.025275275275275
221,-3.3131264000000002,-0.8849312,4.34238390497239,0.4115884152918746,2.0265265265265264
222,-3.2486656,-0.874368,4.597691815627398,0.39286166794520544,2.0277777777777777
223,-3.2763648,-0.8777504,5.461923015136999,0.6355868959731624,2.029029029029029
224,-3.265216,-0.8776832,4.770101139610384,0.434244119968643,2.03028028028028
225,-3.2444928,-0.8705407999999999,5.930526968253836,0.6132061404239468,2.0315315315315314
226,-3.2758016,-0.8758656000000001,6.17679921438318,0.6620653823905454,2.0327827827827827
227,-3.2556928,-0.8708575999999999,5.779750534386486,0.7238283636188977,2.034034034034034
228,-3.2135168000000003,-0.8616704,6.789630702354684,0.7086055762437478,2.035285285285285
229,-3.227072,-0.8642688000000001,5.8641649186318405,0.7317865478291473,2.0365365365365364
230,-3.2664063999999997,-0.8776224,4.287788114948761,0.3739269078784724,2.0377877877877877
231,-3.2460416000000003,-0.8688,4.925616670800337,0.5508477172312224,2.039039039039039
232,-3.1996416,-0.8583647999999999,5.806900045013102,0.6473710294489882,2.04029029029029
233,-3.2360064,-0.8689984000000001,5.335429778459291,0.6301000357938712,2.0415415415415414
234,-3.1936511999999997,-0.8573216,7.463048668326318,0.8625945639797131,2.0427927927927927
235,-3.1428864,-0.844192,7.1476684104710335,0.9013219482076398,2.044044044044044
236,-3.1031936,-0.8196,9.519488455538909,2.797389312516824,2.045295295295295
237,-3.1382144,-0.8375104,9.610415145973016,1.9999590966092444,2.0465465465465464
238,-3.183744,-0.8535200000000001,6.315824717405132,1.0588057093975314,2.0477977977977977
239,-3.2051456,-0.8630144000000001,4.424626036587425,0.5065128484267708,2.049049049049049
240,-3.2613119999999998,-0.8767263999999999,4.013632573057679,0.3788415844675211,2.0503003003003
241,-3.2148223999999996,-0.8638879999999999,5.571067198924708,0.5667071632300561,2.0515515515515514
242,-3.1037312000000004,-0.828192,11.429157831658967,2.2901727109789096,2.0528028028028027
243,-3.180736,-0.860224,5.079518790470915,0.49286679578947373,2.054054054054054
244,-3.127616,-0.8405312,7.426489105216053,1.070321005799781,2.055305305305305
245,-3.1945984,-0.8592192,5.686222438230594,0.7012388572550012,2.0565565565565564
246,-3.1929088,-0.8586464,6.846742937357013,0.826464185793798,2.0578078078078077
247,-3.2140928,-0.8630208,7.1684131140614555,0.8306842497182305,2.059059059059059
248,-3.16416,-0.8398015999999999,8.698628276308769,2.276230806073898,2.06031031031031
249,-3.1765376,-0.8578752000000001,5.195565917972786,0.5544119015947561,2.0615615615615615
250,-3.1130496,-0.8348191999999999,8.898092127240426,1.385069043518331,2.0628128128128127
251,-3.1797376,-0.8592448,4.9310348175645595,0.4931313728682832,2.064064064064064
252,-3.1931264,-0.861632,4.416162378374742,0.4719919291603055,2.065315315315315
253,-3.097152,-0.8364415999999999,7.350898228179423,0.959549307765367,2.0665665665665665
254,-3.1411328000000003,-0.8473792,7.085192917196055,0.8614093148107952,2.0678178178178177
255,-3.0770687999999997,-0.824592,8.208634471912097,1.469008553381713,2.069069069069069
256,-3.2155904,-0.8666432000000001,8.174043382859647,0.9661754338046179,2.07032032032032
257,-3.1241984,-0.8468256,6.56705209605452,0.6621085214832568,2.0715715715715715
258,-3.1961984,-0.8635136,5.887514045001523,0.601938246077798,2.0728228228228227
259,-3.1140096,-0.8299487999999999,7.404937436865307,1.546939910057143,2.074074074074074
260,-3.1802624,-0.8598656000000001,4.903251111659762,0.5155609568019293,2.075325325325325
261,-3.139584,-0.8492288,5.658839392847577,0.5559443820286334,2.0765765765765765
262,-3.0702464,-0.8316863999999999,4.640106059391921,0.6292922430281104,2.0778278278278277
263,-3.1373696,-0.8509952,5.099201945885439,0.5123865639934521,2.079079079079079
264,-3.1091328000000003,-0.838208,5.6634364856372015,0.793930529166366,2.08033033033033
265,-3.0817024,-0.8331487999999999,8.444181686680919,1.0285136938871844,2.0815815815815815
266,-3.0345728,-0.8144863999999999,8.762960052562018,1.7479771189549922,2.0828328328328327
267,-3.1577856,-0.8507551999999999,7.419290157724479,1.0087352816783863,2.084084084084084
268,-3.1449344,-0.8505984000000001,4.798612365157516,0.5239073926804753,2.085335335335335
269,-3.094016,-0.8390208,5.687604748790661,0.6659538303048214,2.0865865865865865
270,-3.0860544,-0.8358175999999999,5.846844543295123,0.8019772302498385,2.0878378378378377
271,-3.0985472,-0.8384928,7.246695317600999,0.9078396069872546,2.089089089089089
272,-3.0364671999999997,-0.8227264,8.18698501389552,1.2842481975748117,2.09034034034034
273,-2.9609728,-0.7743904,12.228430944640806,3.6051642073498926,2.0915915915915915
274,-3.0140288,-0.8148832,7.06645961527668,1.0086772070914267,2.0928428428428427
275,-3.024832,-0.7899776,12.287700312049402,4.658851822329637,2.094094094094094
276,-3.0721152,-0.8297568,8.10901943181556,1.0734729903099967,2.0953453453453452
277,-2.96992,-0.7974591999999999,11.323787024734756,1.8967961772214847,2.0965965965965965
278,-3.0692352,-0.8315616,7.905950113119842,0.9634108977318859,2.0978478478478477
279,-3.0129536,-0.8150592,7.85150931872502,1.3738878792515021,2.099099099099099
280,-3.0236544000000003,-0.8194592,7.275408911727974,0.9281543001979744,2.1003503503503502
281,-2.9843328000000002,-0.8028544,7.265332298445453,1.247811263753084,2.1016016016016015
282,-3.0448128,-0.8258559999999999,8.88966036200019,1.3673511373366654,2.1028528528528527
283,-2.9435648000000003,-0.7988192,8.524012251373307,1.3530702041058043,2.104104104104104
284,-2.9947392,-0.8141472,7.331474712971424,1.0652202973219542,2.1053553553553552
285,-2.9926656,-0.8090432,7.23093346536405,1.0009917499483965,2.1066066066066065
286,-2.9780864,-0.8035776,5.729302086023504,1.0215552620746053,2.1078578578578577
287,-3.0170624,-0.8157984,8.26109253590384,1.3994975345997152,2.109109109109109
288,-3.0086912,-0.8185664,6.755505421544745,0.9456577804840982,2.1103603603603602
289,-3.0686975999999997,-0.8364448,6.629422322051661,0.7827278162855653,2.1116116116116115
290,-2.8053504,-0.7394016,18.175865669597435,4.36562862669743,2.1128628628628627
291,-2.9195776,-0.7859648,9.036343143699174,1.8239893484727274,2.114114114114114
292,-2.9260928,-0.7690912,11.281026269948452,3.9981374092977173,2.1153653653653652
293,-3.0199295999999998,-0.8177984,6.911746921042018,0.9346241463237647,2.1166166166166165
294,-2.9941632,-0.81688,5.333486629602739,0.7455781467564695,2.1178678678678677
295,-2.918144,-0.7968832,7.930048393879503,1.0965864318972132,2.119119119119119
296,-2.8964096,-0.7853760000000001,10.935701081645155,2.026643976943232,2.1203703703703702
297,-2.9689856,-0.8034591999999999,6.216546805659882,0.9798978236331211,2.1216216216216215
298,-2.9165184,-0.7893856,10.24089679314965,2.2943444860212656,2.1228728728728727
299,-2.9335424,-0.7844544,10.55252145640517,2.655946743567201,2.124124124124124
300,-2.9558656,-0.79672,11.71239846968326,2.2657098862592724,2.1253753753753752
301,-2.9188608,-0.7933600000000001,8.287672985585877,1.3260057805601317,2.1266266266266265
302,-2.8867072,-0.7775648000000001,10.763481364515382,2.269074215112031,2.1278778778778777
303,-2.930688,-0.7927968,8.67457062235939,1.49259448387701,2.129129129129129
304,-2.8732288,-0.7817472,8.430586604750918,1.2032747208938799,2.1303803803803802
305,-2.839232,-0.7612095999999999,11.071450680247576,2.2609988850235267,2.1316316316316315
306,-2.9603072,-0.8019712,8.732042918817267,1.9459185100637804,2.1328828828828827
307,-2.7520128,-0.741776,12.22006902961253,2.5182866222138833,2.134134134134134
308,-2.946496,-0.8049984,9.365732985982994,1.2690697505691315,2.1353853853853852
309,-2.9047808,-0.7904416,10.749088786108697,1.6292067910431485,2.1366366366366365
310,-2.9074944,-0.7915104000000001,8.12014796999777,1.277485408787358,2.1378878878878878
311,-2.883968,-0.77784,7.927102273278145,1.9270387440336922,2.139139139139139
312,-2.9342208,-0.8046784,5.615915539352857,0.6908124634825675,2.1403903903903903
313,-2.6961792,-0.7310528000000001,8.032356609274744,1.681096588521804,2.1416416416416415
314,-2.8677248,-0.7737504,9.449638943943555,2.1059196553252835,2.1428928928928928
315,-2.8656512,-0.7764928,8.272787312966488,1.710691805687395,2.144144144144144
316,-2.7343104,-0.7115072,10.51876234681986,3.6258678630035703,2.1453953953953953
317,-2.931584,-0.8022975999999999,8.584342269524726,1.3564761815591513,2.1466466466466465
318,-2.8524032,-0.7796128,8.676501652947389,1.376358485425795,2.1478978978978978
319,-2.8519168,-0.7705024,10.121083295945077,2.1050354035182117,2.149149149149149
320,-2.7886208,-0.7335168,16.656267690940588,5.594932958234098,2.1504004004004003
321,-2.903616,-0.7977504,6.994273124519216,0.9294643307455687,2.1516516516516515
322,-2.8769024,-0.7805472,7.001421767859893,1.126842485245798,2.1529029029029028
323,-2.6969216,-0.7121248,11.279322944772815,2.9773601175345727,2.154154154154154
324,-2.8608896,-0.7814112,9.075053789315058,1.3481521918394983,2.1554054054054053
325,-2.6865664000000002,-0.7240384,10.073221554707674,2.351062355127222,2.1566566566566565
326,-2.8456576,-0.7771808,9.670598100367648,1.5005195345612432,2.1579079079079078
327,-2.7112064,-0.7124576,16.828880883247365,6.6427534374008355,2.159159159159159
328,-2.6647168000000003,-0.7064096,16.8042635755305,3.586408908725866,2.1604104104104103
329,-2.6451328000000003,-0.6920544,10.979297434656482,5.14622392009706,2.1616616616616615
330,-2.8281984000000002,-0.7721823999999999,9.342090125164132,1.6349144643265536,2.1629129129129128
331,-2.2880768,-0.46437439999999996,11.88924662296746,10.551339481780575,2.164164164164164
332,-2.6647296,-0.7196256,14.775636990760999,3.4322077590706574,2.1654154154154153
333,-2.4557696,-0.57496,18.01968054441657,8.737448492307692,2.1666666666666665
334,-2.4953344,-0.6407008,11.190875744682762,3.986430011104883,2.1679179179179178
335,-2.7913344,-0.7500992,10.124813912853202,4.427431288486573,2.169169169169169
336,-2.5297536,-0.6632288,13.756273861602885,4.446657518883156,2.1704204204204203
337,-2.350144,-0.144448,13.91898531267048,77.7124571644342,2.1716716716716715
338,-2.7395328,0.7444288,7.299421205249817,1.59525008689089,2.1729229229229228
339,-2.3185536,0.290912,16.019285630862846,57.71712866917127,2.174174174174174
340,-2.574016,-0.6689312,14.579994874660686,5.623638805824641,2.1754254254254253
341,-2.4884736000000003,-0.6064224,16.64700333927883,10.243411492993149,2.1766766766766765
342,-2.6495488000000003,-0.717712,11.415402822308872,2.39298210614271,2.1779279279279278
343,-2.5979008,-0.6859104,11.100810899111382,2.9060999861357835,2.179179179179179
344,-2.6299648,-0.6925568,8.130931779553288,2.6711620569569154,2.1804304304304303
345,-2.6719616000000004,-0.700688,13.358823634146875,5.728879086689609,2.1816816816816815
346,-2.4749567999999997,-0.6496576000000001,12.07353232552324,4.3176133284758,2.182932932932933
347,-2.4070912,0.1716,25.00182524841156,96.7438628711274,2.184184184184184
348,-2.6640256,0.7106944000000001,13.27154762747808,4.408804979626521,2.1854354354354353
349,-2.1833728,0.3776992,8.659505958611087,10.035557989723232,2.1866866866866865
350,-2.431232,-0.44627520000000004,25.056077374589222,47.24138819175771,2.187937937937938
351,-2.586176,-0.6439616,19.297195779082458,13.201697514824692,2.189189189189189
352,-2.3279744,-0.4323456,10.674459729464235,29.07297188943201,2.1904404404404403
353,-2.3980672,-0.0350592,14.364063794561943,100.72553089764347,2.1916916916916915
354,-2.65824,0.707184,10.79572615592157,3.390588097117426,2.192942942942943
355,-2.4173696,0.572656,14.482910348629147,11.338127821970806,2.194194194194194
356,-2.3321856,0.5337312,15.595097965673538,17.147139100949918,2.1954454454454453
357,-2.3853568,0.532464,16.352233533906112,14.965720433520168,2.1966966966966965
358,-2.5998848000000003,0.7085152,12.045119818407276,3.3048399132389394,2.197947947947948
359,-2.2928256,0.5217088,12.794669443009909,9.10205597059554,2.199199199199199
360,-2.4380544,0.6195872,9.148576359627478,4.599012850086388,2.2004504504504503
361,-2.5357312000000003,0.6680096,12.058343394194589,3.389549790796817,2.2017017017017015
362,-2.4512511999999997,0.6422144000000001,13.211177525624388,5.285731796855436,2.202952952952953
363,-2.406784,0.5793088,11.622642679291108,8.931466768845779,2.204204204204204
364,-2.4873727999999997,0.6186048,24.386014374893456,13.679519353234722,2.2054554554554553
365,-2.3705344,0.598784,8.148269661336201,3.0381145893218418,2.2067067067067065
366,-2.3950975999999997,0.4944832,34.6554745423784,30.79446265203509,2.207957957957958
367,-2.1396864,0.444032,9.18530376925537,5.253188023851383,2.209209209209209
368,-2.320512,0.6058112,10.082534610790523,3.2227106745515233,2.2104604604604603
369,-2.5641472000000003,0.6987488000000001,7.6306778687277665,1.9598796437376786,2.2117117117117115
370,-2.518016,0.6699648,13.389469877168818,3.8659698190995813,2.212962962962963
371,-2.2800896,0.394944,21.82089078810005,36.05221433750453,2.214214214214214
372,-1.9811455999999998,0.031404800000000004,11.07975495662564,42.76268299478794,2.2154654654654653
373,-2.3782784,0.5970912,17.270244617776065,7.13362554734631,2.2167167167167166
374,-2.029568,-0.09094719999999999,11.67390937448401,48.13925827586253,2.217967967967968
375,-2.441408,-0.6381439999999999,15.137143081215775,5.506460170392423,2.219219219219219
376,-2.1267712,-0.390656,11.11111061333009,10.525474196037417,2.2204704704704703
377,-2.404416,-0.6419104,13.263576464779634,3.343089690208426,2.2217217217217216
378,-2.5962240000000003,-0.7057760000000001,6.373321415930748,2.0289829407902737,2.222972972972973
379,-2.1825792,0.0029184000000000002,22.320633422299537,72.88960162950568,2.224224224224224
380,-2.3644032,0.61368,13.672511027027491,4.276125306645676,2.2254754754754753
381,-2.2835072,0.5833056,11.079420809662482,3.9773794081229945,2.2267267267267266
382,-1.9491968000000002,-0.0882816,8.204793473764664,28.510254529557052,2.227977977977978
383,-2.4355712,0.6540576,9.775994691447572,3.1934798956774135,2.229229229229229
384,-2.1134720000000002,0.3393664,14.57448661788242,28.863145881703407,2.2304804804804803
385,-2.3521536,0.6284928,8.942987604855194,2.5418246005751963,2.2317317317317316
386,-2.0930560000000002,-0.14820160000000002,12.250295567382995,56.7900661871575,2.232982982982983
387,-2.37216,-0.6205248,12.90587184412071,4.5053241559741934,2.234234234234234
388,-2.1600256,-0.47245119999999996,16.298046520495134,10.601008557411127,2.2354854854854853
389,-2.4185344,-0.6391872000000001,13.534902782071148,5.142209768674157,2.2367367367367366
390,-2.2505088,-0.4918624,20.130349955472166,20.245116421350154,2.237987987987988
391,-2.206528,0.5473312,9.020121291248032,3.3594390048987046,2.239239239239239
392,-2.3332096,0.6140800000000001,14.951624379150756,4.102044636658103,2.2404904904904903
393,-2.2554496,0.5134496000000001,17.523537087323742,22.787957466817417,2.2417417417417416
394,-2.0501248,0.2322368,13.023672248808403,40.66158549693023,2.242992992992993
395,-2.0678016,-0.4129344,10.396702921672182,8.24967244892489,2.244244244244244
396,-1.8637312000000001,0.3284256,14.456594922557905,7.885577693618457,2.2454954954954953
397,-2.321088,0.5887424,17.78291599677159,11.240366615849235,2.2467467467467466
398,-1.9640576,0.39114560000000004,9.612512120024581,7.203057549348593,2.247997997997998
399,-2.0515584,0.469776,14.916008618735544,8.240784095487317,2.249249249249249
400,-1.9676288,0.323104,19.43471398219285,22.649536949075948,2.2505005005005003
401,-1.831104,0.0080544,9.556383183316088,17.302427996376792,2.251751751751752
402,-2.0845312000000003,0.1618944,12.752388398471972,56.09031362229017,2.253003003003003
403,-1.931328,0.2833856,14.086936269937308,24.308270270306213,2.2542542542542545
404,-2.1757312,0.5524032,9.226951962568648,3.4890317821841346,2.2555055055055053
405,-2.189696,0.5046688,17.937626413189427,18.442084162146106,2.256756756756757
406,-1.9875072,0.4209152,8.299387058134752,5.090829644904976,2.258008008008008
407,-1.8262783999999999,0.0626944,5.260907308485245,9.596086921652459,2.2592592592592595
408,-2.018816,0.4015328,11.67981453838626,10.306051606165129,2.2605105105105103
409,-2.4027008000000003,0.6553631999999999,10.78190631714645,2.8809722861900418,2.261761761761762
410,-1.9241856,0.3744,8.243524427917874,6.555988814331528,2.263013013013013
411,-1.7856128,0.24822719999999998,7.833594220391626,7.4316186512212195,2.2642642642642645
412,-2.0200063999999998,-0.1359648,5.9785937387866,51.64978726661855,2.2655155155155153
413,-1.9018496,0.18824960000000002,15.58532843348422,28.199986870981487,2.266766766766767
414,-1.9561727999999998,-0.3386848,9.606739767580773,13.574478624514798,2.268018018018018
415,-1.7764351999999999,-0.030006400000000003,8.826627220185207,10.972099746636788,2.2692692692692695
416,-1.8406656,0.2539584,6.887896295558797,8.158723936198216,2.2705205205205203
417,-1.8211456,0.3240288,9.990248828372748,7.359575679805417,2.271771771771772
418,-2.0657792,0.44609920000000003,16.314181771794786,18.35966878773551,2.273023023023023
419,-1.8615680000000001,0.36684479999999997,12.578193548636674,7.331392758650703,2.2742742742742745
420,-2.0487552,0.0306336,16.522389704957607,69.70492895603456,2.2755255255255253
421,-1.8440831999999998,-0.280224,7.896916764295798,8.825903375757306,2.276776776776777
422,-2.0064,0.36813440000000003,10.091736609664279,18.355856993821646,2.278028028028028
423,-2.0188416,0.4675456,17.976959567398428,11.057441525274305,2.2792792792792795
424,-1.9105151999999999,-0.3888768,10.14015543102117,8.468629932837224,2.2805305305305303
425,-1.9389439999999998,-0.2212064,10.434370928187318,37.77925052372257,2.281781781781782
426,-1.8157696,-0.25711039999999996,8.325011019891218,7.73905954349122,2.283033033033033
427,-2.063296,-0.46235200000000004,14.395154630873446,10.338358111761613,2.2842842842842845
428,-1.915776,-0.3738528,10.68204583507351,10.104631539753596,2.2855355355355353
429,-2.0122880000000003,-0.47297920000000004,7.969325563982411,3.7209838620575177,2.286786786786787
430,-1.9049344000000001,-0.3705216,10.900799870815062,7.05812896897806,2.288038038038038
431,-2.0250752,-0.373296,17.61977344030187,15.702102835225183,2.2892892892892895
432,-1.820416,-0.2358208,11.708300921650178,19.041246883719175,2.2905405405405403
433,-1.7582335999999998,0.200048,8.55942874150797,8.456114132797556,2.291791791791792
434,-1.8100608,-0.046422399999999996,6.74858497029837,25.09306916892442,2.293043043043043
435,-1.8612096000000002,0.2964896,9.554836042264455,10.3497867041089,2.2942942942942945
436,-1.7107712,-0.0932192,7.94773253673889,9.290108754749983,2.2955455455455454
437,-1.7580416,0.30036799999999997,11.843491285549323,9.585099470141643,2.296796796796797
438,-1.8895232,0.30846399999999996,11.564782493258171,13.582225953244043,2.298048048048048
439,-1.9742848000000002,-0.3369856,9.670940218610692,27.704025869886628,2.2992992992992995
440,-2.007232,0.4864992,11.65284019490837,5.447436330664811,2.3005505505505504
441,-1.7398272000000001,0.2260224,7.972501524374823,15.822030401527984,2.301801801801802
442,-1.8941312000000001,-0.33973760000000003,13.728403586522028,15.118107383693841,2.303053053053053
443,-1.8318464,0.3500096,6.636773592855313,12.849939258061507,2.3043043043043046
444,-1.6881024000000002,-0.1306752,7.16867928339881,6.074024385079517,2.3055555555555554
445,-1.7764736,-0.075472,11.185781937114351,28.155549380360156,2.306806806806807
446,-1.7125119999999998,-0.1938272,5.553335221187826,7.642039885443955,2.308058058058058
447,-1.6971264,0.1014944,5.261376643974494,18.333396942422887,2.3093093093093096
448,-1.7843328,0.1189536,8.031111816235887,18.70749790860851,2.3105605605605604
449,-2.0097024,-0.48048320000000005,10.933448464914164,5.678178996460878,2.311811811811812
450,-1.6353024,-0.0914048,4.650942801653041,8.519205074981889,2.313063063063063
451,-1.6164608,-0.0901216,4.941961558548464,6.955660023720414,2.3143143143143146
452,-2.1041024,-0.1326048,13.967432660238694,81.19452516546608,2.3155655655655654
453,-1.6427008,0.2538016,6.174918445542566,5.407750887967855,2.316816816816817
454,-1.6125824,-0.1334624,6.575240375924858,12.359605725589379,2.318068068068068
455,-1.7315455999999998,0.06590399999999999,5.718518399086623,24.8627483760725,2.3193193193193196
456,-1.7747072,0.2815712,14.966902210549174,16.98350844461055,2.3205705705705704
457,-1.6170752,0.10663040000000001,5.308538315174288,11.121954053363911,2.321821821821822
458,-1.9340671999999999,-0.4580896,12.221891847335893,6.461902880455716,2.323073073073073
459,-1.6780544000000002,-0.210144,7.975764485870413,14.287231903255812,2.3243243243243246
460,-1.7394176,-0.2310752,9.802403782441967,15.617945874156637,2.3255755755755754
461,-1.8776576,-0.11068800000000001,7.7046235732555335,47.976121846693914,2.326826826826827
462,-1.6308352000000002,0.0363744,4.270777284263436,8.31860295956556,2.328078078078078
463,-1.6726527999999998,-0.037088,7.359498678351951,20.049812781710354,2.3293293293293296
464,-1.704704,0.2885248,6.506144676952222,7.4584679930997115,2.3305805805805804
465,-1.6560256000000002,-0.0749856,5.044027988215427,16.436397662644172,2.331831831831832
466,-1.5803136,-0.2183168,7.870093605619711,8.147148042615639,2.333083083083083
467,-1.6277504,0.12645119999999999,7.915990713481653,8.254334299158833,2.3343343343343346
468,-1.6050688,0.10917760000000001,6.89670806958882,10.981016771419096,2.3355855855855854
469,-1.6213632,-0.1106208,5.214173815644554,17.781055516843175,2.336836836836837
470,-1.8049279999999999,-0.341584,7.025151465302853,9.14066495136894,2.338088088088088
471,-1.734336,-0.3594464,9.705520933831695,6.748558530571501,2.3393393393393396
472,-1.667776,-0.1779616,7.615469701935923,19.790003456654166,2.3405905905905904
473,-1.6323712,0.143424,10.968120215781127,18.163337882179952,2.341841841841842
474,-1.6731264,-0.11924480000000001,5.937646060514995,18.423352820614934,2.343093093093093
475,-1.5092864,-0.12424639999999999,5.223461279602806,5.531255886398633,2.3443443443443446
476,-1.5775104,-0.0777568,5.360579364911816,8.75792258144304,2.3455955955955954
477,-1.7062912000000001,0.0267264,7.829013114775047,29.791460106711707,2.346846846846847
478,-1.7654656,0.2978016,10.09818510511219,13.216107548290143,2.348098098098098
479,-1.5590912000000001,-0.0384192,6.714548852738096,10.881917998564292,2.3493493493493496
480,-1.6034176,-0.126832,5.01296447036688,13.103117965736187,2.3506006006006004
481,-1.6294912,-0.0315968,5.147422166027998,16.23857963822362,2.351851851851852
482,-1.6781824,-0.007500799999999999,6.494944427088219,25.565151722535536,2.353103103103103
483,-1.5995392,-0.1228288,6.175029309097208,9.368310866546938,2.3543543543543546
484,-1.571072,-0.1187264,4.876894047009059,10.359051853303134,2.3556056056056054
485,-1.6576896,-0.1806432,5.277288346250498,9.703897870191716,2.356856856856857
486,-1.639168,0.0506592,7.973827733807113,22.030594878569627,2.358108108108108
487,-1.7008383999999999,-0.3168704,9.457702675853826,9.49318450093237,2.3593593593593596
488,-1.6189824000000002,-0.09261119999999999,6.617692474525781,5.309792333076816,2.3606106106106104
489,-1.6026752,-0.086704,6.537799894997501,17.021876719033692,2.361861861861862
490,-1.6425599999999998,-0.2081152,5.126623286566497,8.224618448329727,2.363113113113113
491,-1.511616,-0.042649599999999996,4.928617177919485,11.9329652771116,2.3643643643643646
492,-1.668352,-0.2949568,6.171816500123616,5.630636416869312,2.3656156156156154
493,-1.4471424000000002,0.0351072,5.223014886373438,6.237220193606428,2.366866866866867
494,-1.6000256,0.11691520000000001,6.175205628907881,13.349417102016021,2.368118118118118
495,-1.561984,0.1844992,6.376864775801874,10.889950289374905,2.3693693693693696
496,-1.4578944,0.09133440000000001,5.647748159758709,9.428911786209058,2.3706206206206204
497,-1.4612736000000002,0.0491552,4.12732022846453,5.919838635515679,2.371871871871872
498,-1.5774464,0.0467872,5.3966993213381285,15.135838653971277,2.373123123123123
499,-1.6053376,0.1521024,9.595460547227235,13.797445339693757,2.3743743743743746
500,-1.5494656,0.12494079999999999,4.263136051017653,11.895811235896092,2.3756256256256254
501,-1.5909248,-0.19812159999999998,9.382615303917001,11.455485230760832,2.376876876876877
502,-1.5444992,0.1622144,10.337842125985798,11.255796251596168,2.378128128128128
503,-1.6110719999999998,0.143648,5.52850895033302,8.99754597586874,2.3793793793793796
504,-1.5325951999999998,0.0768128,4.783300713686245,9.721648541281363,2.3806306306306304
505,-1.5768704,-0.20711999999999997,6.036554045483553,8.79642309695314,2.381881881881882
506,-1.6046848,-0.2200384,9.991572729302248,17.46478100603659,2.383133133133133
507,-1.5539584000000002,-0.0071135999999999994,6.388167145971449,15.197169202966245,2.3843843843843846
508,-1.5699328,0.1001952,8.737669763416331,18.271478315667434,2.3856356356356354
509,-1.5269248,0.09980800000000001,6.943496319116152,7.467322334342629,2.386886886886887
510,-1.4961536,0.0576192,6.197810686684921,10.661081016632254,2.388138138138138
511,-1.4880384,0.0776352,6.434332011812601,12.978546972423292,2.3893893893893896
512,-1.6017024,0.217088,5.688015846299753,8.172019093076523,2.3906406406406404
513,-1.504448,-0.1368384,8.311956332425547,11.606344907353673,2.391891891891892
514,-1.460544,-0.029961599999999998,4.384501460221439,9.82731482058835,2.393143143143143
515,-1.5196416,0.00020800000000000001,6.236685705881875,16.320128484882943,2.3943943943943946
516,-1.4905984,-0.0037984000000000004,4.072484858489287,7.703664952262238,2.3956456456456454
517,-1.4013440000000001,-0.0096032,4.25001598209955,3.286606780541408,2.396896896896897
518,-1.5204096,-0.0251488,5.285067951356623,10.427726402520463,2.398148148148148
519,-1.3997568,0.0354976,6.0588056380426565,7.815388738987734,2.3993993993993996
520,-1.4565888,-0.0331136,4.4336203302900525,14.455112877417118,2.4006506506506504
521,-1.5019904,0.0891744,5.207678114419551,10.633360992044008,2.401901901901902
522,-1.4713472,0.0210208,5.9061311187539225,10.51194456601912,2.403153153153153
523,-1.4515712,0.0862912,5.377910415550233,10.017336084345711,2.4044044044044046
524,-1.564224,-0.0271584,5.344416947540383,11.807936539719794,2.4056556556556554
525,-1.4132608,0.0344736,4.2624900279954705,7.704750591385151,2.406906906906907
526,-1.4960639999999998,-0.0016864,9.223085713733575,20.969159007821094,2.408158158158158
527,-1.422976,-0.0943648,5.684779052425274,7.425535218601746,2.4094094094094096
528,-1.4397567999999998,0.097648,6.793075103102428,5.840692715390844,2.4106606606606604
529,-1.4225024,0.0504384,4.94091733605661,5.590522859398878,2.411911911911912
530,-1.4041216,0.1086272,4.483593297679589,8.740305363336057,2.413163163163163
531,-1.484416,-0.1811584,6.015403248973044,8.923057280382087,2.4144144144144146
532,-1.485248,-0.016284800000000002,6.057634947028226,16.672023897190265,2.4156656656656654
533,-1.4417792,-0.0951808,5.365054253015786,5.607218880691819,2.416916916916917
534,-1.4413696,-0.1653984,5.093709530620876,6.45156131147743,2.418168168168168
535,-1.4690816,0.091728,5.396231692600258,13.401789164683493,2.4194194194194196
536,-1.3723136,0.054512,5.300359493771846,7.434456069570972,2.4206706706706704
537,-1.441152,0.132864,4.989010287649426,13.031342238710476,2.421921921921922
538,-1.5005952,-0.0491264,7.970062709376832,17.88273107928766,2.423173173173173
539,-1.4395136,0.0764704,6.144915121181512,12.774263363458957,2.4244244244244246
540,-1.463168,-0.0271104,8.014758417857095,18.18737773759109,2.4256756756756754
541,-1.5264,0.1464576,5.996311112626419,16.502666595369604,2.426926926926927
542,-1.4243328,0.015849600000000002,5.7205244498089245,9.881528002365291,2.428178178178178
543,-1.5218688,0.0656192,6.511839908844689,14.723588730873669,2.4294294294294296
544,-1.3592575999999998,0.0111584,4.507921750625386,5.260039881017852,2.4306806806806804
545,-1.420032,-0.026336000000000002,7.121354305352975,15.915653613401933,2.431931931931932
546,-1.3959424,0.1331808,4.858890133509931,10.981391271430793,2.433183183183183
547,-1.4085376,-0.1288416,4.585037688542866,5.616806074128948,2.4344344344344346
548,-1.4884992,0.16805440000000002,9.059405236824604,15.39380946020738,2.4356856856856854
549,-1.4961792,-0.0779648,7.0939478491408945,14.680649746549353,2.436936936936937
550,-1.4717824000000002,-0.0092512,5.289662312011965,13.221804993467472,2.438188188188188
551,-1.3858688,-0.1851296,4.59443429793522,4.852137384939515,2.4394394394394396
552,-1.3773824000000001,-0.0402912,4.1014920856706745,6.33891834824091,2.4406906906906904
553,-1.338816,-0.005756799999999999,4.519654443011014,6.2479889351778635,2.441941941941942
554,-1.4268416,0.047833600000000004,6.2973915316480715,15.692500290691635,2.443193193193193
555,-1.36192,0.0348896,4.457965804958677,3.7326281655272724,2.4444444444444446
556,-1.3736959999999998,-0.0473728,4.88467706962772,8.151159186600799,2.4456956956956954
557,-1.3027968,0.044121600000000004,4.131197339933772,5.168150120368828,2.446946946946947
558,-1.4805504,0.2215488,7.333731063682688,9.584267801058326,2.448198198198198
559,-1.3714048,0.013417599999999998,5.365733758737491,6.25263967372031,2.4494494494494496
560,-1.31936,-0.0475136,4.382590473231727,4.7486563051426955,2.4507007007007005
561,-1.3415808,-0.0371424,4.440080934877331,7.757478082414206,2.451951951951952
562,-1.3758464,-0.0247616,5.0146694004841565,4.504113749718087,2.453203203203203
563,-1.3142656000000001,0.0143328,4.400289386871973,6.6267227522114185,2.4544544544544546
564,-1.380544,-0.016028800000000003,4.071265610472114,5.182927030721858,2.4557057057057055
565,-1.4215168,0.06640639999999999,4.9473664985333805,12.304033202047505,2.456956956956957
566,-1.3577216,0.0169248,4.998116098583269,5.766615788795439,2.458208208208208
567,-1.3163776,0.0058335999999999995,4.659610147600724,7.460638159261538,2.4594594594594597
568,-1.3990144,0.0201408,5.7777903978094605,13.857817687049895,2.4607107107107105
569,-1.371904,-0.0872448,3.729452447046279,10.928328203803373,2.461961961961962
570,-1.3416704,0.0199136,4.644437602270008,10.010859637372995,2.463213213213213
571,-1.3405183999999999,0.0455488,5.5901003934827465,4.549872852005849,2.4644644644644647
572,-1.329024,-0.0271904,4.700537140743837,8.317950934764074,2.4657157157157155
573,-1.2944512000000001,0.0416032,4.514023188730237,4.00169573641972,2.466966966966967
574,-1.224064,0.0101312,3.556695338045298,4.109589163036967,2.468218218218218
575,-1.3151744,0.0130912,4.054110237151705,7.699909975272964,2.4694694694694697
576,-1.3357824,-0.0759168,4.354755207682901,4.72011214209517,2.4707207207207205
577,-1.3410944,-0.0564384,5.85831147285868,10.539154397295647,2.471971971971972
578,-1.3158784,0.0407232,4.980307914430559,6.670394875275282,2.473223223223223
579,-1.2761088,-0.0270784,4.411019282824167,7.254880397266019,2.4744744744744747
580,-1.3002752,0.027881599999999996,4.8197451121642905,4.884319095910887,2.4757257257257255
581,-1.3122304,-0.0467712,3.7594477033985596,4.787876347592806,2.476976976976977
582,-1.3060736000000002,0.077888,4.0753590705796086,4.228389637661316,2.478228228228228
583,-1.2610304,-0.04168,4.3082170479011035,5.145945552523213,2.4794794794794797
584,-1.3547776,-0.0454048,5.080693935724734,7.107939917528257,2.4807307307307305
585,-1.3568,-0.138352,6.802891091146603,8.944250007114336,2.481981981981982
586,-1.317504,-0.12240319999999999,4.023518287050693,3.746029760357312,2.483233233233233
587,-1.2851456,0.0227584,4.466137721143068,7.337816368848347,2.4844844844844847
588,-1.2868352,0.0294176,4.029072610489252,7.354373412903898,2.4857357357357355
589,-1.3134336,-0.050425599999999994,4.053605046248478,4.903160191108714,2.486986986986987
590,-1.2936703999999999,0.019334399999999998,3.6966793627517234,6.630022984487419,2.488238238238238
591,-1.3021056,0.0036927999999999996,4.608286910262959,5.421351917564294,2.4894894894894897
592,-1.2932864,-0.041900799999999995,4.6455022409038245,3.7726856496535315,2.4907407407407405
593,-1.3229952,0.08151040000000001,4.508997805503142,3.39655978414043,2.491991991991992
594,-1.2989696,0.0353792,4.595610580752563,9.55308664493442,2.493243243243243
595,-1.3099136,-0.0229152,3.5706511204582965,3.68245210637817,2.4944944944944947
596,-1.3388544,0.0237664,3.836586911069635,6.353195040571785,2.4957457457457455
597,-1.28608,0.0556928,4.410157505639381,4.891002204763439,2.496996996996997
598,-1.2887552,-0.0417536,3.7749542199975514,6.794499652427366,2.498248248248248
599,-1.3704832,0.0494208,5.145575039846979,11.680067283648537,2.4994994994994997
600,-1.2989824,0.0754144,3.868375183714194,7.863357699481479,2.5007507507507505
601,-1.3102464,0.0509312,3.7375954090583425,7.570198755414442,2.502002002002002
602,-1.237568,0.0180352,4.8924769993807,7.80669746467036,2.503253253253253
603,-1.2585600000000001,0.0363264,4.597028678681227,7.340047255389927,2.5045045045045047
604,-1.2733952,-0.0501952,4.847204826956347,5.868006629067972,2.5057557557557555
605,-1.2381567999999998,-0.015622399999999998,3.6555518664102893,6.008238048118827,2.507007007007007
606,-1.2535808000000002,0.0282976,4.379753122177913,8.373367685424963,2.508258258258258
607,-1.3377152,0.0191392,5.106780894094239,7.998038187758436,2.5095095095095097
608,-1.3104384,0.0717536,4.7599245220364645,4.616226538002831,2.5107607607607605
609,-1.2953088,0.052572799999999996,5.529965920982522,8.193423136187446,2.512012012012012
610,-1.2363392,-0.0859456,5.2474302002173925,5.331937304888818,2.513263263263263
611,-1.3407232,-0.09449919999999999,4.941742126730722,10.053085994805095,2.5145145145145147
612,-1.2896384,-0.0325728,5.870251981382751,5.014515703038854,2.5157657657657655
613,-1.2511104,-0.0373632,4.160927045465508,7.31768821151179,2.517017017017017
614,-1.2715776,0.0133536,4.194272110876964,5.415312667930278,2.518268268268268
615,-1.2454783999999999,-0.0958272,4.799107847347951,5.267983690847198,2.5195195195195197
616,-1.2368256,-0.060048000000000004,5.042012655212461,6.092619740788246,2.5207707707707705
617,-1.2877824,0.083616,5.102107145708176,8.948154949855132,2.522022022022022
618,-1.2442495999999998,0.029385599999999998,4.654420671437044,5.731888108828564,2.523273273273273
619,-1.2521343999999999,0.1067712,3.805564220756268,4.1303214844244245,2.5245245245245247
620,-1.2782208000000002,0.0067968,4.816622543580447,6.611038459449678,2.5257757757757755
621,-1.2141952,-0.054476800000000006,4.888365863580473,3.439033544419251,2.527027027027027
622,-1.285056,-0.1204192,5.240922301180218,4.180967206188419,2.528278278278278
623,-1.2349184,-0.0110336,3.2439746072153133,5.649309299448198,2.5295295295295297
624,-1.1880191999999998,0.037248,4.268466859162728,3.160959424360724,2.5307807807807805
625,-1.2155776,-0.061424,4.288742516667284,4.597300386700928,2.532032032032032
626,-1.2006656,-0.013263999999999998,4.335629110549767,2.776564265992295,2.533283283283283
627,-1.2706304,-0.049782400000000004,4.337779435245604,8.475801972193365,2.5345345345345347
628,-1.1879936,0.0064928,3.595646174453276,8.01416126374515,2.5357857857857855
629,-1.2210432,-0.01256,4.4657994884957946,6.499652216058394,2.537037037037037
630,-1.2057472,0.008015999999999999,4.193492011554602,6.9028716402484465,2.538288288288288
631,-1.2113407999999999,-0.0352064,4.478004671112238,5.025067172891446,2.5395395395395397
632,-1.2187904,0.075744,4.071282994649484,4.734760486224762,2.5407907907907905
633,-1.2491008,0.0328768,4.894467530682636,8.4003241332886,2.542042042042042
634,-1.1948928,-0.00448,3.537344152231405,5.274788572508118,2.543293293293293
635,-1.1801088,-0.0285824,3.5602585905687367,2.8388171949620777,2.5445445445445447
636,-1.192576,-0.0257056,3.6045308212603446,3.6225319586236515,2.5457957957957955
637,-1.2198272000000001,-0.041552,3.932800377353123,3.7460233689290625,2.547047047047047
638,-1.2653824,0.0891136,3.845068540754595,4.765917138707887,2.548298298298298
639,-1.1873023999999999,0.0241248,3.1188087111725,5.8293001084155485,2.5495495495495497
640,-1.209408,0.010656,3.3584807210469045,6.333366303996862,2.5508008008008005
641,-1.1704832,0.0171776,3.038067342052852,2.594471410203412,2.552052052052052
642,-1.1655936,-0.0040224,3.1692491099994773,2.643103965623287,2.5533033033033035
643,-1.2056959999999999,-0.10460799999999999,4.181425788252473,4.916708213416927,2.5545545545545547
644,-1.1698816,0.023936000000000002,3.7574017052809063,4.538594839110937,2.555805805805806
645,-1.1882112,0.027420800000000002,3.385447368493102,4.819330837999765,2.557057057057057
646,-1.1727232,-0.05858239999999999,4.034812643570837,4.441829614318144,2.5583083083083085
647,-1.1956864,-0.065344,2.968449947603912,5.543377721767695,2.5595595595595597
648,-1.2358912,0.0522944,3.5704736272891897,5.016613713190501,2.560810810810811
649,-1.1539584,-0.0333088,3.634464305203394,4.823181758389685,2.562062062062062
650,-1.1856255999999998,-0.0958272,3.850321751574029,4.347356087811149,2.5633133133133135
651,-1.1950464,0.0182528,3.8029922970958556,6.4490221404927395,2.5645645645645647
652,-1.2096255999999999,-0.1099968,4.198713467417293,5.808858727009227,2.565815815815816
653,-1.1529856,-0.035744,4.069004531763803,5.927484495909533,2.567067067067067
654,-1.1790336,0.0167648,3.150794707144281,4.257916765068459,2.5683183183183185
655,-1.1954304,0.006934399999999999,3.28364780650767,4.2468450901790415,2.5695695695695697
656,-1.17664,-0.0359776,3.4160662008757945,3.7017654475668644,2.570820820820821
657,-1.1661312,-0.054816,3.5596484577798937,5.503729072644484,2.5720720720720722
658,-1.1427200000000002,-0.0223264,3.368415799903569,5.095146379611242,2.5733233233233235
659,-1.1907072,0.057763199999999994,3.681391431806857,6.07188508267745,2.5745745745745747
660,-1.1147264,-0.0158048,3.1610502030494176,4.342177515831886,2.575825825825826
661,-1.1461376,0.034342399999999995,3.222461677789266,3.6879391815395617,2.5770770770770772
662,-1.1634816000000001,0.0170912,3.758356899785534,3.923831612306474,2.5783283283283285
663,-1.1510016,0.048006400000000005,3.4858175602596853,4.030389469936205,2.5795795795795797
664,-1.1433216,0.049878399999999996,3.6855014945774984,4.2755928930249585,2.580830830830831
665,-1.1578368,-0.0674976,4.963564624053702,3.3546022051380495,2.5820820820820822
666,-1.1660032,0.0104928,4.10948308749053,5.142528393909677,2.5833333333333335
667,-1.15648,-0.0613664,3.395126132191103,2.517376422194268,2.5845845845845847
668,-1.141824,0.0470528,3.549126678815569,4.171585801429362,2.585835835835836
669,-1.1367167999999999,0.0355872,3.2791215023709204,6.53667454103401,2.5870870870870872
670,-1.1552384,0.0469536,3.6851490709252395,3.8399408250393887,2.5883383383383385
671,-1.1415168,-0.0021568,3.750383697296101,5.048387855031464,2.5895895895895897
672,-1.1818752000000001,0.0703616,4.11153276625418,5.323446991025441,2.590840840840841
673,-1.1859072,0.050345600000000004,3.05061082616945,4.694743596311875,2.5920920920920922
674,-1.1477632,0.050771199999999996,4.105550396002263,2.9404317408157477,2.5933433433433435
675,-1.1502976,-0.0009568,3.6489373306555555,4.801896010866666,2.5945945945945947
676,-1.1472,-0.0156736,3.5143824321729737,4.3670749680846805,2.595845845845846
677,-1.1574528,-0.0521664,3.4491636160969588,4.688545032840856,2.5970970970970972
678,-1.1153152,0.0334336,3.693242451269138,5.069635987327593,2.5983483483483485
679,-1.1374592000000001,0.0210016,3.0177834317453183,3.3749813624187914,2.5995995995995997
680,-1.1429376,-0.0436224,3.242514372663304,2.9237166306219953,2.600850850850851
681,-1.08384,0.020640000000000002,3.3037869724718467,3.666523612694749,2.6021021021021022
682,-1.1268608,-0.07544640000000001,3.6215003668386183,2.6829816418900694,2.6033533533533535
683,-1.1162112,-0.013273599999999998,2.8293637286728712,2.2943443330459643,2.6046046046046047
684,-1.1401984,0.0137984,3.5416698975003764,3.325464445366983,2.605855855855856
685,-1.1289344,0.0022848,4.130416987603607,3.131565896676675,2.6071071071071072
686,-1.1189376,-0.0141856,3.5046277022879795,2.597077525291988,2.6083583583583585
687,-1.0882176,0.06878719999999999,3.967184962259557,4.160136695397928,2.6096096096096097
688,-1.0556416,0.0153376,3.1808713758566634,2.6729480191828237,2.610860860860861
689,-1.1311232,-0.0221408,3.763587546251162,4.059134659816211,2.6121121121121122
690,-1.093312,0.00013120000000000002,3.288051005293895,4.256077588569721,2.6133633633633635
691,-1.0950528,-0.0188,3.4947107703021123,3.7097820633996936,2.6146146146146148
692,-1.1002112,0.032569600000000004,3.46714766165631,3.72186989762847,2.615865865865866
693,-1.128768,-0.0211744,4.526597679397322,4.777031149516007,2.6171171171171173
694,-1.1445248,0.0288,4.181775693210214,6.467143204358215,2.6183683683683685
695,-1.1007616,-0.020012799999999997,3.4131407309346176,4.521786219985631,2.6196196196196198
696,-1.1513472,-0.0160512,3.700483101521167,3.9980158038531077,2.620870870870871
697,-1.1107456,0.067088,3.2470353642657304,2.905730170124069,2.6221221221221223
698,-1.0966912,0.027056,3.956990199909442,5.165616445429744,2.6233733733733735
699,-1.0689792,-0.0055776,2.7622154878087732,2.847492786694737,2.6246246246246248
700,-1.0996992,0.0034592,3.1197882895817353,3.700133924403088,2.625875875875876
701,-1.094848,0.006431999999999999,3.3594445554621104,3.2282841863364458,2.6271271271271273
702,-1.0957824,-0.0476608,3.3598124974761308,4.916963324577892,2.6283783783783785
703,-1.1069824000000001,0.058704,3.3109224247303315,4.639341640563379,2.6296296296296298
704,-1.110272,-0.041872,3.5179977478093125,3.788214446510035,2.630880880880881
705,-1.0553216,-0.0182368,3.3346261066916725,3.0503694155719336,2.6321321321321323
706,-1.068416,-0.036966399999999996,3.071673054613959,2.87311917518031,2.6333833833833835
707,-1.093888,-0.015584,3.0367333494465125,2.9290876763525837,2.6346346346346348
708,-1.0997376,-0.0252608,2.698270854144294,4.242666858031102,2.635885885885886
709,-1.10432,-0.0692416,3.5328646593537196,3.764627777066464,2.6371371371371373
710,-1.0747776,0.0166848,2.9246923786450285,2.8717074934627336,2.6383883883883885
711,-1.0985856,0.0110848,2.6729804881897095,3.6014096632136523,2.6396396396396398
712,-1.0692864,-0.0259776,3.0010457302834888,4.087168812475542,2.640890890890891
713,-1.0836224,0.0021632,2.9159790366866654,4.071927540157757,2.6421421421421423
714,-1.073856,-0.0048,3.286326403596045,2.782653546151661,2.6433933933933935
715,-1.0687616,0.0170112,3.4837675864091273,2.9694088910970478,2.6446446446446448
716,-1.0826624,0.0737408,2.9982384911942725,2.51374138336911,2.645895895895896
717,-1.0717568,0.012223999999999999,2.7245577642894836,3.554110488394781,2.6471471471471473
718,-1.039296,-0.006003199999999999,2.608727105487562,2.6409383111807236,2.6483983983983985
719,-1.040512,-0.001952,2.9807907007153043,4.41079150277295,2.6496496496496498
720,-1.0848,-0.0146592,3.4908986987056503,4.294544698268819,2.650900900900901
721,-1.0456576,0.0105056,3.024974670698983,3.2706658339194568,2.6521521521521523
722,-1.0803584000000002,0.056684799999999994,3.1452030466122207,3.472445876032972,2.6534034034034035
723,-1.052416,0.004176,2.612133169610778,2.3101267161990946,2.6546546546546548
724,-1.064576,0.0011424,3.0689226237249647,3.6003843001879203,2.655905905905906
725,-1.0616064,0.034899200000000005,3.1909503471387377,3.5239855589189673,2.6571571571571573
726,-1.0611072,-0.0126432,2.9490084784667174,3.7332451259969495,2.6584084084084085
727,-1.0274304,0.0166176,2.541173102356621,2.695516616331802,2.65965965965966
728,-1.0662912,-0.0161152,3.067779560048073,4.279323016380851,2.660910910910911
729,-1.0159871999999999,-0.0102304,2.9212545534298124,2.9905729018152285,2.6621621621621623
730,-1.0664704,-0.0157568,2.8786512662239994,3.8720603349305267,2.6634134134134135
731,-1.1112064,0.0176224,3.175315197244009,4.755937606128324,2.664664664664665
732,-1.081472,-0.0116192,3.2276748886838718,4.598863938807997,2.665915915915916
733,-1.0502912,0.0017728000000000002,2.943825666234328,4.552327385799362,2.6671671671671673
734,-1.0724479999999998,-0.0188288,2.8448371460363453,3.3850944136991084,2.6684184184184185
735,-1.0271744,0.014806399999999999,2.874709725354464,2.7832869582398194,2.66966966966967
736,-1.0509696,0.0320928,2.5338910228283598,1.8347796743867326,2.670920920920921
737,-1.052096,-0.0265152,3.7939242654770853,3.112240667800862,2.6721721721721723
738,-1.0518656000000002,0.0073376000000000005,2.970116925864951,4.267231320877507,2.6734234234234235
739,-1.0083328,0.024099199999999998,2.8741716540259454,2.6403654681700597,2.674674674674675
740,-1.0533888,0.0010912,2.503397046117053,3.1130636767224913,2.675925925925926
741,-1.0049024,0.0344448,3.2608991344902263,3.382534268855637,2.6771771771771773
742,-1.0400128,0.0147744,2.4294735559192517,3.035860993743661,2.6784284284284285
743,-0.9953664000000001,-0.0206432,2.4558236366070685,2.2573745210931633,2.67967967967968
744,-1.0603776,0.00432,3.4303066669083764,3.0026716119854377,2.680930930930931
745,-1.0162816000000001,0.0214944,2.703190869832573,3.5592938816083595,2.6821821821821823
746,-1.049024,-0.0455136,2.6770299559569417,3.9127479010969317,2.6834334334334335
747,-1.0338304,-0.0016768,2.899241632138084,3.432417805401342,2.684684684684685
748,-0.983168,0.04192,2.9753428907797246,2.2677413554458212,2.685935935935936
749,-1.0271616,-0.0136064,2.6168458322315593,2.9324879234217165,2.6871871871871873
750,-1.0300416,0.057267200000000004,2.643174183775078,2.8959257040388713,2.6884384384384385
751,-1.031936,0.0302464,3.374831759320052,2.452681318476219,2.68968968968969
752,-1.0222335999999999,0.007350400000000001,3.1099563198992435,3.992973646847428,2.690940940940941
753,-1.0368896,0.014832,3.2175912532558186,3.6305872174902394,2.6921921921921923
754,-1.0456192,-0.0472864,3.0059998890387583,3.7813098170642387,2.6934434434434436
755,-1.0079616,-0.002432,2.915307082538637,2.6443815598216935,2.694694694694695
756,-1.0114944,0.0307872,2.619882930807479,2.630220946478196,2.695945945945946
757,-0.9982719999999999,-0.030944,2.695833083725435,2.4168379852885504,2.6971971971971973
758,-1.0296319999999999,-0.0195744,3.020272520609677,3.214159453513716,2.6984484484484486
759,-0.9862528,-0.0009279999999999999,2.4439480653263312,3.8382554034260288,2.6996996996997
760,-1.022784,-0.031270400000000004,3.0176341772073774,4.071326988936385,2.700950950950951
761,-1.0215296,0.01568,3.3809131210798813,2.223712790664938,2.7022022022022023
762,-0.9936896000000001,-0.0425792,2.561457984033845,2.7435802603241326,2.7034534534534536
763,-0.9795584,0.024288,2.6272388885304845,1.9234890045299775,2.704704704704705
764,-1.0363136,-0.0038848,3.0732674060958267,3.78186602892607,2.705955955955956
765,-0.999936,-0.0706336,3.097463513651844,2.379716291109484,2.7072072072072073
766,-1.0045824,0.019808000000000003,3.4557102421898667,3.3156074193994263,2.7084584584584586
767,-0.9942656000000001,0.024672,2.4760790700867212,2.1035815532471367,2.70970970970971
768,-0.9847551999999999,-0.0018784,2.801365001247704,2.720724814785046,2.710960960960961
769,-0.979136,0.0324416,2.876085585925505,2.930618954745008,2.7122122122122123
770,-1.0165504,0.0032832,2.988092106212756,3.9216768594397857,2.7134634634634636
771,-0.9820672,-0.0125504,2.9117035306803665,2.3913146479858405,2.714714714714715
772,-1.023872,0.0306464,2.7952179031699886,2.5712323872645717,2.715965965965966
773,-1.0059647999999999,0.00824,2.6096931003408765,3.8836000055995576,2.7172172172172173
774,-1.0055167999999999,-0.01648,2.553142364713165,2.7123495768019885,2.7184684684684686
775,-0.9782912,-0.009344,2.9698848163256497,2.445065126301067,2.71971971971972
776,-1.0034688,0.0337856,2.6615068710285246,2.4039950959365766,2.720970970970971
777,-1.0059136,-0.080272,3.0639110245504373,1.9139628342857145,2.7222222222222223
778,-1.0166528000000001,0.011359999999999999,2.823352290775793,2.8626584675549025,2.7234734734734736
779,-0.9694848,0.0003168,2.619058294756214,2.0273541849839827,2.724724724724725
780,-0.9654144,0.0264928,2.7528877701211147,2.805887463795979,2.725975975975976
781,-0.9697792,-0.018864,2.1916086606738827,3.178206991139659,2.7272272272272273
782,-0.9963776,0.029523200000000003,2.5728218904609528,2.522562654567147,2.7284784784784786
783,-0.9958016,-0.032383999999999996,2.55278776029895,1.7295628166336636,2.72972972972973
784,-0.9952384,-0.022992,3.058370168263817,1.938427911752955,2.730980980980981
785,-0.9960064000000001,-0.016975999999999998,2.949783272678577,3.064812332280637,2.7322322322322323
786,-1.001344,-0.0116352,2.9681894288011303,2.708632874622136,2.7334834834834836
787,-0.9686272000000001,0.038607999999999996,2.5347021265492513,2.826129811361639,2.734734734734735
788,-0.9850752,0.0413632,2.959030606819716,2.1133968460427695,2.735985985985986
789,-0.9695103999999999,-0.0167328,2.9085135466113083,3.3211871641698294,2.7372372372372373
790,-1.0027392,0.0265728,2.523134004697845,3.8507843220551585,2.7384884884884886
791,-0.95968,-0.008083199999999999,2.6787549055694777,2.458327108924516,2.73973973973974
792,-0.9550719999999999,0.0032128,2.707418098126013,1.9504162965771572,2.740990990990991
793,-0.9712896000000001,0.0211392,2.8549320537737373,2.4114637240045265,2.7422422422422423
794,-0.9462656,0.0094112,2.599096886349008,2.916779843137243,2.7434934934934936
795,-0.9417984,0.006448000000000001,2.5564567769838225,2.5921355978993432,2.744744744744745
796,-0.9234432,0.0335488,2.3783661666933757,2.0628161038324615,2.745995995995996
797,-0.9962624,-0.00352,2.449829708106276,2.650531002368373,2.7472472472472473
798,-1.0034048,0.0180512,2.902501877949499,3.692230636889156,2.7484984984984986
799,-0.9944832,-0.0189376,2.9036969350903865,2.1211932347410265,2.74974974974975
800,-0.9793536,0.0078208,2.8929579318778593,3.4711969665315747,2.751001001001001
801,-0.9490816000000001,0.0053152,2.4967892994128524,2.398489637059247,2.7522522522522523
802,-0.9478144000000001,0.0017888000000000001,2.253860253248823,1.7982304054815597,2.7535035035035036
803,-0.9381632,0.0065504000000000005,2.362460572600919,2.4986472028116276,2.754754754754755
804,-0.9792896000000001,-0.0081952,2.425261718694824,2.894858780501008,2.756006006006006
805,-0.9621504000000001,-0.0502912,2.5938630119619983,2.3481592022502813,2.7572572572572573
806,-0.954432,0.0105312,2.408103654693948,2.527657688962497,2.7585085085085086
807,-0.9181312,0.0066912000000000004,2.683151344759446,2.247267422342546,2.75975975975976
808,-0.9485312,0.0065952,2.355925400429407,2.5946305020264298,2.761011011011011
809,-0.9653248,0.020038399999999998,2.580300235845271,2.387768883682406,2.7622622622622623
810,-0.952512,-0.0079008,2.4252000694821283,3.6999161392195594,2.7635135135135136
811,-0.9540992,-0.0414048,2.8186734029831055,2.600598603263722,2.764764764764765
812,-0.9267584000000001,0.009968000000000001,2.381461899821991,2.1169734831955127,2.766016016016016
813,-0.965888,0.0061824,3.1900665246207542,3.9532993924375472,2.7672672672672673
814,-0.9570304000000001,0.0339808,2.361455077402642,3.194386207079599,2.7685185185185186
815,-0.9418112,0.0424608,2.783312127152269,2.9924350319878568,2.76976976976977
816,-0.9934208000000001,0.0306336,2.8097367939977334,2.8156452929127065,2.771021021021021
817,-0.9610368,0.0244608,2.735662350428554,2.5117931450118793,2.7722722722722724
818,-0.9237632,0.0314496,2.2595879289653054,2.114394420188613,2.7735235235235236
819,-0.9396479999999999,-0.064528,2.5976320452285377,2.7020220264935064,2.774774774774775
820,-0.9328,-0.020896,2.201207801598823,1.8101849885008563,2.776026026026026
821,-0.9203584,0.027792,2.5251757107541706,2.3261476312993334,2.7772772772772774
822,-0.9078016,0.0181184,2.7906639462277876,1.7683023182785196,2.7785285285285286
823,-0.9400832,0.0107712,2.987420811516856,1.8511602678136119,2.77977977977978
824,-0.9439360000000001,-0.0031392,2.414487467701142,2.904517353265689,2.781031031031031
825,-0.9252352,0.027088,2.401685749907993,1.2894939463356716,2.7822822822822824
826,-0.9280639999999999,-0.0044864,2.4575148958416295,2.370301508825173,2.7835335335335336
827,-0.904832,0.01344,2.0316975797927825,2.337970831919482,2.784784784784785
828,-0.9471103999999999,0.017987200000000002,2.8031378470759805,3.1361164696316894,2.786036036036036
829,-0.9508352000000001,0.0164,2.566736406854753,2.986887802334351,2.7872872872872874
830,-0.9176704,-0.008416,2.4540051595560666,2.5505434268545275,2.7885385385385386
831,-0.9263104,0.006336,2.726559761928522,2.927790713799785,2.78978978978979
832,-0.9173504000000001,0.030643200000000002,2.326015582542396,2.5457872274603783,2.791041041041041
833,-0.9606656000000001,-0.0170208,3.2080939802850184,2.888789240247499,2.7922922922922924
834,-0.9167360000000001,-0.0078368,2.698098499771314,2.33265286616372,2.7935435435435436
835,-0.9196544,0.026057600000000004,2.3697874529226657,1.990181009625215,2.794794794794795
836,-0.9142528,-0.013872,2.746016404670634,2.261222331778394,2.796046046046046
837,-0.923968,0.0059072000000000005,2.4889138810464657,2.0868881628135267,2.7972972972972974
838,-0.9281280000000001,-0.00808,2.255057653927546,2.471311638880444,2.7985485485485486
839,-0.8898944,-0.013152,2.203201198659863,2.2614734669431535,2.7997997997998
840,-0.9167871999999999,0.030700799999999997,2.5261374171410256,2.6489968638078802,2.801051051051051
841,-0.9472512000000001,-0.010944,2.4519984707767497,2.222852486286837,2.8023023023023024
842,-0.9195264,0.042598399999999995,3.0309142157265967,2.3251602917081495,2.8035535535535536
843,-0.9403007999999999,0.038579199999999994,2.2927999951087563,1.9244527534869378,2.804804804804805
844,-0.8912768,-0.0309344,2.307094527275352,2.496878669005476,2.806056056056056
845,-0.9139968,0.0091904,2.1598682735781227,2.66657145903284,2.8073073073073074
846,-0.8724736000000001,0.010976,2.1502926576854278,2.2344480662068964,2.8085585585585586
847,-0.8988927999999999,-0.019971199999999998,2.644865786480744,1.910549626119843,2.80980980980981
848,-0.8790528000000001,0.0032448,2.402233968659502,3.338869182036642,2.811061061061061
849,-0.8962559999999999,-0.0079648,2.094733750324187,2.1605267661770418,2.8123123123123124
850,-0.9148288,-0.0036927999999999996,2.1272351977811623,2.4386378564377478,2.8135635635635636
851,-0.8912128,-0.0331936,2.454210595386149,2.8191202961684216,2.814814814814815
852,-0.8945152,-0.007555200000000001,2.119432369175102,2.056569203182938,2.816066066066066
853,-0.8842624,0.0259584,2.2309586101544694,1.295956155154237,2.8173173173173174
854,-0.9106304000000001,-0.015436799999999999,2.862461041629207,2.3018209405829353,2.8185685685685686
855,-0.9231360000000001,-0.0062848,2.534771544899305,2.9261641639667726,2.81981981981982
856,-0.9106304000000001,0.0043488,2.3838336763558443,2.687444793342819,2.821071071071071
857,-0.8858623999999999,0.0035872,2.19499764515594,2.0834391065445645,2.8223223223223224
858,-0.9012608,0.0322656,2.5170865875129143,2.465752752313959,2.8235735735735736
859,-0.9030272,0.0019424,2.087189593300856,1.8980327131373493,2.824824824824825
860,-0.8887552,-0.0093312,2.090534992920508,2.2787076739071632,2.826076076076076
861,-0.9072768,-0.0211264,2.1608588567008447,1.9205419061021771,2.8273273273273274
862,-0.9096704,-0.013359999999999999,2.3180029618704436,2.046086343094754,2.8285785785785786
863,-0.8826879999999999,-0.0269408,2.5998705670282303,2.689854325995897,2.82982982982983
864,-0.8969472,-0.0012032,2.652741356237834,2.149874136164201,2.831081081081081
865,-0.8868352,0.0166816,2.4008070408673245,1.4644668604211348,2.8323323323323324
866,-0.926848,0.0092672,2.1295453641170465,2.843416098356407,2.8335835835835836
867,-0.8580863999999999,0.0015904,2.154330926088366,2.0954820610372877,2.834834834834835
868,-0.881984,-0.0086304,1.9905488619388079,1.6630247034951378,2.836086086086086
869,-0.8811392,-0.0149888,2.029968705347576,2.3038572240177806,2.8373373373373374
870,-0.8908799999999999,-0.020099199999999998,1.8989582197616794,2.108606324164824,2.8385885885885886
871,-0.8971520000000001,-0.0040479999999999995,2.774897693934234,2.816892997899189,2.83983983983984
872,-0.8674304,-0.012444799999999999,2.5101080758914898,1.8813181887622301,2.841091091091091
873,-0.8821247999999999,-0.0006112,2.290405696566541,2.2060262158402537,2.8423423423423424
874,-0.865216,0.0235488,2.035962837860427,2.288527578716325,2.8435935935935936
875,-0.8728832000000001,0.01976,2.267163783858845,2.4484144408163266,2.844844844844845
876,-0.8997248,0.0034496,2.184681348167323,2.443192649727459,2.846096096096096
877,-0.9032959999999999,0.0324,2.458380739121939,2.7687252162418705,2.8473473473473474
878,-0.8663552,0.0062752,2.095850915536109,1.2135302837334272,2.8485985985985987
879,-0.9154048,0.0075904,2.088357361821493,1.9662950111898838,2.84984984984985
880,-0.8516736,0.0078144,2.1460577852759095,1.8261343550354077,2.851101101101101
881,-0.8880512,-0.0229728,2.3174960915373863,1.9951531348876645,2.8523523523523524
882,-0.8696064,-0.021644800000000002,2.0824443704338087,1.8341850770689818,2.8536036036036037
883,-0.8974848,-0.0033216,1.987197464223589,2.0190965395657785,2.854854854854855
884,-0.8835328,-0.0107136,2.158147026911281,2.404959157404924,2.856106106106106
885,-0.8845183999999999,0.0526112,2.3913977584929373,2.6796799853839204,2.8573573573573574
886,-0.8698879999999999,-0.033504,2.2023026421647645,2.3194032999247134,2.8586086086086087
887,-0.8838528,0.0220128,1.851926907037539,1.5237565863851592,2.85985985985986
888,-0.8519680000000001,-0.0018047999999999999,2.118142546381374,1.6410964842873783,2.861111111111111
889,-0.8902144000000001,-0.008537600000000001,2.355449656547042,2.2457663120942817,2.8623623623623624
890,-0.8498943999999999,0.0042304000000000005,1.7912088594059365,2.140289455694346,2.8636136136136137
891,-0.8553472,-0.0256288,2.2592267378830897,2.865735547350943,2.864864864864865
892,-0.8849024,-0.0051232,2.138997207798531,2.109584981432428,2.866116116116116
893,-0.8632576,-0.0125792,1.9370874518866281,2.1230663356503405,2.8673673673673674
894,-0.865024,0.0187712,2.1332171962721036,2.4381955259594874,2.8686186186186187
895,-0.8402304,-0.0099232,2.179360615310728,1.3245072724403208,2.86986986986987
896,-0.8620672,-0.0008544000000000001,2.627909269291003,1.8334807652922862,2.871121121121121
897,-0.8719744,-0.005296,2.2897778826941266,1.8871959263146891,2.8723723723723724
898,-0.8662656000000001,0.0015872,2.451034732203952,2.6442722126630325,2.8736236236236237
899,-0.864576,-0.028499200000000002,2.3052959690253796,2.7919577021415036,2.874874874874875
900,-0.8556799999999999,-0.0654944,1.672391085996999,2.110910288408457,2.876126126126126
901,-0.8591616,-0.014166399999999999,2.1085436054550333,1.6055724670396936,2.8773773773773774
902,-0.8453504000000001,0.0236448,2.2797279818016127,1.638226028428897,2.8786286286286287
903,-0.8519808000000001,0.0021536000000000003,2.505261803600133,1.767907227648801,2.87987987987988
904,-0.846464,0.0147072,2.096810640280392,2.0534930026864937,2.881131131131131
905,-0.8664448,-0.0227936,2.098779596255433,1.917962033139642,2.8823823823823824
906,-0.8477184,0.022611199999999998,2.147787022405701,1.5686645032989326,2.8836336336336337
907,-0.864384,0.010015999999999999,2.1358976725116,1.9107659611936154,2.884884884884885
908,-0.8249344,-0.0122912,1.9378729845659521,1.3390419645186509,2.886136136136136
909,-0.8909824000000001,-0.0137312,2.1048219186348787,1.737758800054914,2.8873873873873874
910,-0.846464,-0.0172768,2.2865720333811725,2.1156912574153686,2.8886386386386387
911,-0.8536959999999999,0.0065536,1.9565023653538853,1.751097186125944,2.88988988988989
912,-0.8497024,0.0008192,2.3252994119206876,2.907894204805817,2.891141141141141
913,-0.8645120000000001,-0.0343072,2.297425718485333,2.4374898219700296,2.8923923923923924
914,-0.8764928,-0.0206656,2.4054197527430303,1.7683432172583586,2.8936436436436437
915,-0.8487296,-0.0072288,2.100167909576102,2.1662651354489624,2.894894894894895
916,-0.8401664000000001,-0.008431999999999999,2.058446807407328,1.8080032898090383,2.896146146146146
917,-0.8359296,0.013657599999999999,2.4179553615219698,1.99971613545469,2.8973973973973974
918,-0.8644992,0.00022400000000000002,2.3098839152147534,2.3305913406060608,2.8986486486486487
919,-0.859392,0.0312096,2.184356187026866,2.056609451452399,2.8998998998999
920,-0.8337152,0.0046112,2.2253178393586337,1.5962403474780988,2.901151151151151
921,-0.8348416,-0.0305536,2.0265561619953467,1.6888226285723746,2.9024024024024024
922,-0.8646272,-0.0087616,2.1477681452135644,2.9055748669556496,2.9036536536536537
923,-0.8327296000000001,-0.031673599999999996,1.924676686427728,1.8145565472727774,2.904904904904905
924,-0.8443904000000001,0.008806399999999999,1.8313373301008076,2.116419780599535,2.906156156156156
925,-0.825472,0.0020416,2.263236318526512,1.4660681222522294,2.9074074074074074
926,-0.8271487999999999,-0.0156416,2.3113071490374018,1.8843763953132928,2.9086586586586587
927,-0.8524544,-0.010019199999999999,1.9706142553103974,1.84303457345387,2.90990990990991
928,-0.8553216,0.0049055999999999995,2.150838249898777,2.7432339840693194,2.911161161161161
929,-0.8382464,0.0314368,1.7988366088625187,1.484710659510706,2.9124124124124124
930,-0.8326656000000001,-0.040643200000000004,2.1835120296087616,1.6094378675483638,2.9136636636636637
931,-0.834432,0.016944,1.843257591424949,1.9079077099450548,2.914914914914915
932,-0.8362368,0.014159999999999999,1.8195987847899868,1.9237430517806573,2.916166166166166
933,-0.8434048000000001,0.0147168,1.9143067569629428,1.9472152458145136,2.9174174174174174
934,-0.8357247999999999,0.0104672,2.0331518069024526,2.203693090156014,2.9186686686686687
935,-0.8301183999999999,0.0053024000000000005,2.004663344644317,1.7317348369398697,2.91991991991992
936,-0.8248575999999999,0.0221536,1.9927731917941174,1.647194831267232,2.921171171171171
937,-0.8332928,0.0033312,2.0360430283742157,1.452669541893612,2.9224224224224224
938,-0.8120704,-0.0384928,2.0184151424350865,1.505448797939707,2.9236736736736737
939,-0.8448256,-0.032368,1.8953223387886542,2.0102090518275153,2.924924924924925
940,-0.8345471999999999,0.0371584,1.9978226504910852,1.7433842022001538,2.926176176176176
941,-0.8274432,0.0068608,2.036990733563921,2.4080102630570694,2.9274274274274275
942,-0.8159616,-0.0037728,2.057918838151292,1.4462002159659577,2.9286786786786787
943,-0.8156544,0.0163328,2.1643204734737456,1.799197012785241,2.92992992992993
944,-0.8369280000000001,0.0052192,2.0319974378473287,1.6644295483754459,2.931181181181181
945,-0.8537471999999999,0.019267199999999998,2.137337242248032,1.4908089029603684,2.9324324324324325
946,-0.822016,-0.027056,2.274056950009751,1.776623386150303,2.9336836836836837
947,-0.7867392,-0.0090336,1.9553442926955615,2.1512864967618013,2.934934934934935
948,-0.827584,-0.007184,1.9989591691391813,1.9202487453029917,2.936186186186186
949,-0.8198784,-0.0068224,2.0720249606997925,1.8600954753155903,2.9374374374374375
950,-0.8188671999999999,0.0188,2.0850843001331776,1.9367819469641487,2.9386886886886887
951,-0.8228608000000001,-0.020272,1.7976083708385335,2.1197707052911134,2.93993993993994
952,-0.8161536,-0.015244800000000001,1.8290716215375808,1.794103682006092,2.941191191191191
953,-0.8060927999999999,0.0006208,1.835961819892481,1.7131593321552645,2.9424424424424425
954,-0.8130944,0.0132512,2.025545182971882,1.5790297650729914,2.9436936936936937
955,-0.8081664,0.006336,2.0817796046547197,1.4883127263630183,2.944944944944945
956,-0.8101503999999999,0.010064,2.3306205986174984,1.498718872049605,2.946196196196196
957,-0.8113408000000001,-0.0029184000000000002,1.800141260124047,2.1201873654479875,2.9474474474474475
958,-0.8069888,0.0021216,1.9300097726284706,1.1229044052080457,2.9486986986986987
959,-0.8000512,0.024464,2.015097800109405,1.6826991387037664,2.94994994994995
960,-0.7931904000000001,0.0350368,2.0121548431470533,1.6933739900776394,2.951201201201201
961,-0.8044671999999999,-0.0228384,1.8035137538782513,1.687362475308222,2.9524524524524525
962,-0.8233984000000001,0.0032448,2.034468186536469,1.3706556756263322,2.9537037037037037
963,-0.8123136000000001,0.016064,1.946152814254372,2.3987383726829274,2.954954954954955
964,-0.8100992,-0.0005631999999999999,1.7073215913301907,1.3093517446360452,2.956206206206206
965,-0.8171392,0.0108096,1.7912433847841807,2.5869942856177355,2.9574574574574575
966,-0.7904384,0.020982400000000002,1.828481664996658,1.8065475626807408,2.9587087087087087
967,-0.7953664,0.009792,1.8186841886180212,1.4764792156374704,2.95995995995996
968,-0.7845504,0.0124032,2.1363158957444237,1.5218045833876113,2.9612112112112112
969,-0.8104703999999999,-0.0416192,2.062085529341944,2.55633381538449,2.9624624624624625
970,-0.7655296,-0.0191008,2.086713857349083,1.5659683417209829,2.9637137137137137
971,-0.8039936,0.0096032,1.8394765846253283,2.2666283322101277,2.964964964964965
972,-0.8073216000000001,-0.0051551999999999995,2.066249558526541,2.0901590085394077,2.9662162162162162
973,-0.811584,0.021152,1.9183492081314542,2.0862436498026646,2.9674674674674675
974,-0.795392,0.0057984,1.7400616925385821,1.6635037086071311,2.9687187187187187
975,-0.8048,-0.0347008,1.8224359284791964,2.070211184546815,2.96996996996997
976,-0.793024,-0.0009343999999999999,1.8166977413863792,1.8916326627775961,2.9712212212212212
977,-0.7959552,-0.0196096,1.8789127450646759,1.7436616790899477,2.9724724724724725
978,-0.7903104000000001,-0.0127104,1.971171859940865,1.1931388763839434,2.9737237237237237
979,-0.8014464,0.0099328,1.6490514958343883,2.1697348152161506,2.974974974974975
980,-0.8129152,0.031180799999999998,1.949535007644663,1.4075112075440677,2.9762262262262262
981,-0.7947904,-0.01376,2.0132317609371984,1.2712054511346444,2.9774774774774775
982,-0.784576,0.0050368,1.7447579683233492,1.6925954031912627,2.9787287287287287
983,-0.779072,-0.0066624,1.8176552678551416,1.6191663698466914,2.97997997997998
984,-0.7825408,-0.0264992,1.980607476676247,1.5031921719635357,2.9812312312312312
985,-0.7979392,-0.0087072,1.955825327215042,1.8975873457232424,2.9824824824824825
986,-0.763456,0.0014336,1.7384148649772344,1.3738733614377587,2.9837337337337337
987,-0.7941504,0.0163168,1.7274209694372202,1.7717180154012075,2.984984984984985
988,-0.7749248,-0.0030047999999999997,1.7134018249354637,1.7006842673642506,2.9862362362362362
989,-0.7666944,0.015296,1.87053084647396,1.1030102900184284,2.9874874874874875
990,-0.7936128,0.0189856,1.7648335106601536,1.7016869371948753,2.9887387387387387
991,-0.780608,0.000368,1.8225030653567047,1.5329502022899228,2.98998998998999
992,-0.7686784,-0.028515199999999997,1.9491046729918184,1.8905459137268967,2.9912412412412412
993,-0.7652479999999999,0.0110496,1.8428520495023502,1.706330450355444,2.9924924924924925
994,-0.790784,0.0230368,1.877619774593133,1.9362328408079579,2.9937437437437437
995,-0.7748735999999999,0.0066879999999999995,2.0091602474835537,1.9985169157219251,2.994994994994995
996,-0.7876095999999999,-0.0092768,1.9673476726027133,2.1340917228051115,2.9962462462462462
997,-0.7866624,0.038745600000000005,1.878648481832362,2.0770954956919683,2.9974974974974975
998,-0.7782783999999999,-0.023910400000000002,1.7221794374623065,1.3093145546249187,2.9987487487487487
999,-0.7783680000000001,0.0072384,1.838511217777778,1.788606626133333,3.0
